match_id,inning,batting_team,bowling_team,over,ball,batsman,non_striker,bowler,is_super_over,wide_runs,bye_runs,legbye_runs,noball_runs,penalty_runs,batsman_runs,extra_runs,total_runs,player_dismissed,dismissal_kind,fielder
11412,1,Chennai Super Kings,Mumbai Indians,1,2,F du Plessis,SR Watson,SL Malinga,0,0,0,0,0,0,0,0,0,,,
11412,1,Chennai Super Kings,Mumbai Indians,1,3,F du Plessis,SR Watson,SL Malinga,0,0,0,0,0,0,0,0,0,,,
11412,1,Chennai Super Kings,Mumbai Indians,1,4,F du Plessis,SR Watson,SL Malinga,0,0,0,0,0,0,0,0,0,,,
11412,1,Chennai Super Kings,Mumbai Indians,1,5,F du Plessis,SR Watson,SL Malinga,0,0,0,0,0,0,0,0,0,,,
11412,1,Chennai Super Kings,Mumbai Indians,1,6,F du Plessis,SR Watson,SL Malinga,0,0,0,0,0,0,1,0,1,,,
11412,1,Chennai Super Kings,Mumbai Indians,2,1,F du Plessis,SR Watson,KH Pandya,0,0,0,0,0,0,0,0,0,,,
11412,1,Chennai Super Kings,Mumbai Indians,2,2,F du Plessis,SR Watson,KH Pandya,0,0,0,0,0,0,4,0,4,,,
11412,1,Chennai Super Kings,Mumbai Indians,2,3,F du Plessis,SR Watson,KH Pandya,0,0,0,0,0,0,0,0,0,,,
11412,1,Chennai Super Kings,Mumbai Indians,2,4,F du Plessis,SR Watson,KH Pandya,0,0,0,0,0,0,1,0,1,,,
11412,1,Chennai Super Kings,Mumbai Indians,2,5,SR Watson,F du Plessis,KH Pandya,0,0,0,0,0,0,0,0,0,,,
11412,1,Chennai Super Kings,Mumbai Indians,2,6,SR Watson,F du Plessis,KH Pandya,0,0,0,0,0,0,0,0,0,,,
11412,1,Chennai Super Kings,Mumbai Indians,3,1,F du Plessis,SR Watson,RD Chahar,0,0,0,0,0,0,0,0,0,F du Plessis,caught,
11412,1,Chennai Super Kings,Mumbai Indians,3,2,SK Raina,SR Watson,RD Chahar,0,0,0,0,0,0,0,0,0,,,
11412,1,Chennai Super Kings,Mumbai Indians,3,3,SK Raina,SR Watson,RD Chahar,0,0,0,0,0,0,0,0,0,,,
11412,1,Chennai Super Kings,Mumbai Indians,3,4,SK Raina,SR Watson,RD Chahar,0,0,0,0,0,0,1,0,1,,,
11412,1,Chennai Super Kings,Mumbai Indians,3,5,SR Watson,SK Raina,RD Chahar,0,0,0,0,0,0,0,0,0,,,
11412,1,Chennai Super Kings,Mumbai Indians,3,6,SR Watson,SK Raina,RD Chahar,0,0,0,0,0,0,0,0,0,,,
11412,1,Chennai Super Kings,Mumbai Indians,4,1,SK Raina,SR Watson,J Yadav,0,0,0,0,1,0,1,1,2,,,
11412,1,Chennai Super Kings,Mumbai Indians,4,2,SK Raina,SR Watson,J Yadav,0,0,0,0,0,0,4,0,4,,,
11412,1,Chennai Super Kings,Mumbai Indians,4,3,SK Raina,SR Watson,J Yadav,0,0,0,0,0,0,0,0,0,,,
11412,1,Chennai Super Kings,Mumbai Indians,4,4,SK Raina,SR Watson,J Yadav,0,0,0,0,0,0,0,0,0,SK Raina,caught,J Yadav
11412,1,Chennai Super Kings,Mumbai Indians,4,5,SR Watson,M Vijay,J Yadav,0,0,0,0,0,0,0,0,0,,,
11412,1,Chennai Super Kings,Mumbai Indians,4,6,SR Watson,M Vijay,J Yadav,0,0,0,0,0,0,0,0,0,,,
11412,1,Chennai Super Kings,Mumbai Indians,4,7,SR Watson,M Vijay,J Yadav,0,0,0,0,0,0,1,0,1,,,
11412,1,Chennai Super Kings,Mumbai Indians,5,1,SR Watson,M Vijay,JJ Bumrah,0,0,0,0,0,0,0,0,0,,,
11412,1,Chennai Super Kings,Mumbai Indians,5,2,SR Watson,M Vijay,JJ Bumrah,0,0,0,0,0,0,4,0,4,,,
11412,1,Chennai Super Kings,Mumbai Indians,5,3,SR Watson,M Vijay,JJ Bumrah,0,0,0,0,0,0,1,0,1,,,
11412,1,Chennai Super Kings,Mumbai Indians,5,4,M Vijay,SR Watson,JJ Bumrah,0,0,0,0,0,0,0,0,0,,,
11412,1,Chennai Super Kings,Mumbai Indians,5,5,M Vijay,SR Watson,JJ Bumrah,0,0,0,0,0,0,1,0,1,,,
11412,1,Chennai Super Kings,Mumbai Indians,5,6,SR Watson,M Vijay,JJ Bumrah,0,0,0,0,0,0,4,0,4,,,
11412,1,Chennai Super Kings,Mumbai Indians,6,1,M Vijay,SR Watson,KH Pandya,0,0,0,0,0,0,4,0,4,,,
11412,1,Chennai Super Kings,Mumbai Indians,6,2,M Vijay,SR Watson,KH Pandya,0,0,0,0,0,0,0,0,0,,,
11412,1,Chennai Super Kings,Mumbai Indians,6,3,M Vijay,SR Watson,KH Pandya,0,0,0,0,0,0,4,0,4,,,
11412,1,Chennai Super Kings,Mumbai Indians,6,4,M Vijay,SR Watson,KH Pandya,0,0,0,0,0,0,1,0,1,,,
11412,1,Chennai Super Kings,Mumbai Indians,6,5,SR Watson,M Vijay,KH Pandya,0,0,0,0,0,0,0,0,0,,,
11412,1,Chennai Super Kings,Mumbai Indians,6,6,SR Watson,M Vijay,KH Pandya,0,0,0,0,0,0,0,0,0,SR Watson,caught,J Yadav
11412,1,Chennai Super Kings,Mumbai Indians,7,1,AT Rayudu,M Vijay,RD Chahar,0,0,0,0,0,0,1,0,1,,,
11412,1,Chennai Super Kings,Mumbai Indians,7,2,M Vijay,AT Rayudu,RD Chahar,0,0,0,0,0,0,1,0,1,,,
11412,1,Chennai Super Kings,Mumbai Indians,7,3,AT Rayudu,M Vijay,RD Chahar,0,0,0,0,0,0,0,0,0,,,
11412,1,Chennai Super Kings,Mumbai Indians,7,4,AT Rayudu,M Vijay,RD Chahar,0,0,0,0,0,0,1,0,1,,,
11412,1,Chennai Super Kings,Mumbai Indians,7,5,M Vijay,AT Rayudu,RD Chahar,0,0,0,0,0,0,0,0,0,,,
11412,1,Chennai Super Kings,Mumbai Indians,7,6,M Vijay,AT Rayudu,RD Chahar,0,0,0,0,0,0,4,0,4,,,
11412,1,Chennai Super Kings,Mumbai Indians,8,1,AT Rayudu,M Vijay,HH Pandya,0,0,0,0,0,0,1,0,1,,,
11412,1,Chennai Super Kings,Mumbai Indians,8,2,M Vijay,AT Rayudu,HH Pandya,0,0,0,0,0,0,1,0,1,,,
11412,1,Chennai Super Kings,Mumbai Indians,8,3,AT Rayudu,M Vijay,HH Pandya,0,0,0,0,0,0,0,0,0,,,
11412,1,Chennai Super Kings,Mumbai Indians,8,4,AT Rayudu,M Vijay,HH Pandya,0,0,0,0,0,0,1,0,1,,,
11412,1,Chennai Super Kings,Mumbai Indians,8,5,M Vijay,AT Rayudu,HH Pandya,0,0,0,0,0,0,0,0,0,,,
11412,1,Chennai Super Kings,Mumbai Indians,8,6,M Vijay,AT Rayudu,HH Pandya,0,0,0,0,0,0,2,0,2,,,
11412,1,Chennai Super Kings,Mumbai Indians,9,1,AT Rayudu,M Vijay,KH Pandya,0,0,0,0,0,0,0,0,0,,,
11412,1,Chennai Super Kings,Mumbai Indians,9,2,AT Rayudu,M Vijay,KH Pandya,0,0,0,0,0,0,0,0,0,,,
11412,1,Chennai Super Kings,Mumbai Indians,9,3,AT Rayudu,M Vijay,KH Pandya,0,0,0,0,0,0,1,0,1,,,
11412,1,Chennai Super Kings,Mumbai Indians,9,4,M Vijay,AT Rayudu,KH Pandya,0,0,0,0,0,0,0,0,0,,,
11412,1,Chennai Super Kings,Mumbai Indians,9,5,M Vijay,AT Rayudu,KH Pandya,0,0,0,0,0,0,0,0,0,,,
11412,1,Chennai Super Kings,Mumbai Indians,9,6,M Vijay,AT Rayudu,KH Pandya,0,0,0,0,0,0,1,0,1,,,
11412,1,Chennai Super Kings,Mumbai Indians,10,1,M Vijay,AT Rayudu,J Yadav,0,0,0,0,0,0,1,0,1,,,
11412,1,Chennai Super Kings,Mumbai Indians,10,2,AT Rayudu,M Vijay,J Yadav,0,0,0,0,0,0,1,0,1,,,
11412,1,Chennai Super Kings,Mumbai Indians,10,3,M Vijay,AT Rayudu,J Yadav,0,0,0,0,0,0,1,0,1,,,
11412,1,Chennai Super Kings,Mumbai Indians,10,4,AT Rayudu,M Vijay,J Yadav,0,0,0,0,0,0,1,0,1,,,
11412,1,Chennai Super Kings,Mumbai Indians,10,5,M Vijay,AT Rayudu,J Yadav,0,0,0,0,0,0,0,0,0,,,
11412,1,Chennai Super Kings,Mumbai Indians,10,6,M Vijay,AT Rayudu,J Yadav,0,0,0,0,0,0,0,0,0,,,
11412,1,Chennai Super Kings,Mumbai Indians,11,1,AT Rayudu,M Vijay,SL Malinga,0,1,0,0,0,0,1,1,2,,,
11412,1,Chennai Super Kings,Mumbai Indians,11,2,AT Rayudu,M Vijay,SL Malinga,0,0,0,0,0,0,1,0,1,,,
11412,1,Chennai Super Kings,Mumbai Indians,11,3,M Vijay,AT Rayudu,SL Malinga,0,0,0,0,0,0,1,0,1,,,
11412,1,Chennai Super Kings,Mumbai Indians,11,4,AT Rayudu,M Vijay,SL Malinga,0,0,0,0,1,0,1,1,2,,,
11412,1,Chennai Super Kings,Mumbai Indians,11,5,AT Rayudu,M Vijay,SL Malinga,0,0,0,0,0,0,4,0,4,,,
11412,1,Chennai Super Kings,Mumbai Indians,11,6,AT Rayudu,M Vijay,SL Malinga,0,0,0,0,0,0,1,0,1,,,
11412,1,Chennai Super Kings,Mumbai Indians,11,7,M Vijay,AT Rayudu,SL Malinga,0,0,0,0,0,0,1,0,1,,,
11412,1,Chennai Super Kings,Mumbai Indians,11,8,AT Rayudu,M Vijay,SL Malinga,0,0,0,0,0,0,1,0,1,,,
11412,1,Chennai Super Kings,Mumbai Indians,12,1,AT Rayudu,M Vijay,JJ Bumrah,0,0,0,0,0,0,1,0,1,,,
11412,1,Chennai Super Kings,Mumbai Indians,12,2,M Vijay,AT Rayudu,JJ Bumrah,0,0,0,0,0,0,2,0,2,,,
11412,1,Chennai Super Kings,Mumbai Indians,12,3,M Vijay,AT Rayudu,JJ Bumrah,0,0,0,0,0,0,0,0,0,,,
11412,1,Chennai Super Kings,Mumbai Indians,12,4,M Vijay,AT Rayudu,JJ Bumrah,0,0,0,0,0,0,0,0,0,,,
11412,1,Chennai Super Kings,Mumbai Indians,12,5,M Vijay,AT Rayudu,JJ Bumrah,0,0,0,0,0,0,1,0,1,,,
11412,1,Chennai Super Kings,Mumbai Indians,12,6,AT Rayudu,M Vijay,JJ Bumrah,0,0,0,0,0,0,0,0,0,,,
11412,1,Chennai Super Kings,Mumbai Indians,13,1,M Vijay,AT Rayudu,RD Chahar,0,0,0,0,0,0,0,0,0,M Vijay,stumped,Q de Kock
11412,1,Chennai Super Kings,Mumbai Indians,13,2,MS Dhoni,AT Rayudu,RD Chahar,0,0,0,0,0,0,1,0,1,,,
11412,1,Chennai Super Kings,Mumbai Indians,13,3,AT Rayudu,MS Dhoni,RD Chahar,0,0,0,0,0,0,1,0,1,,,
11412,1,Chennai Super Kings,Mumbai Indians,13,4,MS Dhoni,AT Rayudu,RD Chahar,0,0,0,0,0,0,0,0,0,,,
11412,1,Chennai Super Kings,Mumbai Indians,13,5,MS Dhoni,AT Rayudu,RD Chahar,0,0,0,0,0,0,0,0,0,,,
11412,1,Chennai Super Kings,Mumbai Indians,13,6,MS Dhoni,AT Rayudu,RD Chahar,0,0,0,0,0,0,1,0,1,,,
11412,1,Chennai Super Kings,Mumbai Indians,14,1,MS Dhoni,AT Rayudu,J Yadav,0,0,0,0,0,0,0,0,0,,,
11412,1,Chennai Super Kings,Mumbai Indians,14,2,MS Dhoni,AT Rayudu,J Yadav,0,0,0,0,0,0,6,0,6,,,
11412,1,Chennai Super Kings,Mumbai Indians,14,3,MS Dhoni,AT Rayudu,J Yadav,0,0,0,0,0,0,2,0,2,,,
11412,1,Chennai Super Kings,Mumbai Indians,14,4,MS Dhoni,AT Rayudu,J Yadav,0,0,0,0,0,0,1,0,1,,,
11412,1,Chennai Super Kings,Mumbai Indians,14,5,AT Rayudu,MS Dhoni,J Yadav,0,0,0,0,0,0,0,0,0,,,
11412,1,Chennai Super Kings,Mumbai Indians,14,6,AT Rayudu,MS Dhoni,J Yadav,0,0,0,0,0,0,6,0,6,,,
11412,1,Chennai Super Kings,Mumbai Indians,15,1,MS Dhoni,AT Rayudu,HH Pandya,0,0,0,0,0,0,1,0,1,,,
11412,1,Chennai Super Kings,Mumbai Indians,15,2,AT Rayudu,MS Dhoni,HH Pandya,0,0,0,0,0,0,0,0,0,,,
11412,1,Chennai Super Kings,Mumbai Indians,15,3,AT Rayudu,MS Dhoni,HH Pandya,0,0,0,0,0,0,4,0,4,,,
11412,1,Chennai Super Kings,Mumbai Indians,15,4,AT Rayudu,MS Dhoni,HH Pandya,0,0,0,0,0,0,1,0,1,,,
11412,1,Chennai Super Kings,Mumbai Indians,15,5,MS Dhoni,AT Rayudu,HH Pandya,0,0,0,0,0,0,1,0,1,,,
11412,1,Chennai Super Kings,Mumbai Indians,15,6,AT Rayudu,MS Dhoni,HH Pandya,0,0,0,0,0,0,1,0,1,,,
11412,1,Chennai Super Kings,Mumbai Indians,16,1,AT Rayudu,MS Dhoni,KH Pandya,0,0,0,0,0,0,1,0,1,,,
11412,1,Chennai Super Kings,Mumbai Indians,16,2,MS Dhoni,AT Rayudu,KH Pandya,0,0,0,0,0,0,0,0,0,,,
11412,1,Chennai Super Kings,Mumbai Indians,16,3,MS Dhoni,AT Rayudu,KH Pandya,0,0,0,0,0,0,1,0,1,,,
11412,1,Chennai Super Kings,Mumbai Indians,16,4,AT Rayudu,MS Dhoni,KH Pandya,0,0,0,0,0,0,2,0,2,,,
11412,1,Chennai Super Kings,Mumbai Indians,16,5,AT Rayudu,MS Dhoni,KH Pandya,0,0,0,0,0,0,0,0,0,,,
11412,1,Chennai Super Kings,Mumbai Indians,16,6,AT Rayudu,MS Dhoni,KH Pandya,0,0,0,0,0,0,1,0,1,,,
11412,1,Chennai Super Kings,Mumbai Indians,17,1,AT Rayudu,MS Dhoni,RD Chahar,0,0,0,0,0,0,1,0,1,,,
11412,1,Chennai Super Kings,Mumbai Indians,17,2,MS Dhoni,AT Rayudu,RD Chahar,0,0,0,0,0,0,1,0,1,,,
11412,1,Chennai Super Kings,Mumbai Indians,17,3,AT Rayudu,MS Dhoni,RD Chahar,0,0,0,0,0,0,1,0,1,,,
11412,1,Chennai Super Kings,Mumbai Indians,17,4,MS Dhoni,AT Rayudu,RD Chahar,0,0,0,0,0,0,0,0,0,,,
11412,1,Chennai Super Kings,Mumbai Indians,17,5,MS Dhoni,AT Rayudu,RD Chahar,0,0,0,0,0,0,0,0,0,,,
11412,1,Chennai Super Kings,Mumbai Indians,17,6,MS Dhoni,AT Rayudu,RD Chahar,0,0,0,0,0,0,0,0,0,,,
11412,1,Chennai Super Kings,Mumbai Indians,18,1,AT Rayudu,MS Dhoni,JJ Bumrah,0,0,0,0,0,0,4,0,4,,,
11412,1,Chennai Super Kings,Mumbai Indians,18,2,AT Rayudu,MS Dhoni,JJ Bumrah,0,0,0,0,0,0,1,0,1,,,
11412,1,Chennai Super Kings,Mumbai Indians,18,3,MS Dhoni,AT Rayudu,JJ Bumrah,0,0,0,0,0,0,1,0,1,,,
11412,1,Chennai Super Kings,Mumbai Indians,18,4,AT Rayudu,MS Dhoni,JJ Bumrah,0,0,0,0,0,0,1,0,1,,,
11412,1,Chennai Super Kings,Mumbai Indians,18,5,MS Dhoni,AT Rayudu,JJ Bumrah,0,0,0,0,0,0,0,0,0,,,
11412,1,Chennai Super Kings,Mumbai Indians,18,6,MS Dhoni,AT Rayudu,JJ Bumrah,0,0,0,0,0,0,1,0,1,,,
11412,1,Chennai Super Kings,Mumbai Indians,19,1,MS Dhoni,AT Rayudu,SL Malinga,0,0,0,0,0,0,1,0,1,,,
11412,1,Chennai Super Kings,Mumbai Indians,19,2,AT Rayudu,MS Dhoni,SL Malinga,0,0,0,1,0,0,1,1,2,,,
11412,1,Chennai Super Kings,Mumbai Indians,19,3,MS Dhoni,AT Rayudu,SL Malinga,0,0,0,0,0,0,6,0,6,,,
11412,1,Chennai Super Kings,Mumbai Indians,19,4,MS Dhoni,AT Rayudu,SL Malinga,0,0,0,0,0,0,6,0,6,,,
11412,1,Chennai Super Kings,Mumbai Indians,19,5,MS Dhoni,AT Rayudu,SL Malinga,0,0,0,0,0,0,0,0,0,,,
11412,1,Chennai Super Kings,Mumbai Indians,19,6,MS Dhoni,AT Rayudu,SL Malinga,0,0,0,0,0,0,1,0,1,,,
11412,1,Chennai Super Kings,Mumbai Indians,20,1,MS Dhoni,AT Rayudu,JJ Bumrah,0,0,0,0,1,0,1,1,2,,,
11412,1,Chennai Super Kings,Mumbai Indians,20,2,MS Dhoni,AT Rayudu,JJ Bumrah,0,0,0,0,0,0,2,0,2,,,
11412,1,Chennai Super Kings,Mumbai Indians,20,3,MS Dhoni,AT Rayudu,JJ Bumrah,0,0,0,0,0,0,1,0,1,,,
11412,1,Chennai Super Kings,Mumbai Indians,20,4,AT Rayudu,MS Dhoni,JJ Bumrah,0,0,0,0,0,0,1,0,1,,,
11412,1,Chennai Super Kings,Mumbai Indians,20,5,MS Dhoni,AT Rayudu,JJ Bumrah,0,0,0,0,0,0,2,0,2,,,
11412,1,Chennai Super Kings,Mumbai Indians,20,6,MS Dhoni,AT Rayudu,JJ Bumrah,0,0,0,0,0,0,1,0,1,,,
11412,1,Chennai Super Kings,Mumbai Indians,20,7,AT Rayudu,MS Dhoni,JJ Bumrah,0,0,0,0,0,0,1,0,1,,,
11412,2,Mumbai Indians,Chennai Super Kings,1,1,RG Sharma,Q de Kock,DL Chahar,0,0,0,0,0,0,4,0,4,,,
11412,2,Mumbai Indians,Chennai Super Kings,1,2,RG Sharma,Q de Kock,DL Chahar,0,0,0,0,0,0,0,0,0,RG Sharma,lbw,
11412,2,Mumbai Indians,Chennai Super Kings,1,3,AS Yadav,Q de Kock,DL Chahar,0,0,0,0,0,0,0,0,0,,,
11412,2,Mumbai Indians,Chennai Super Kings,1,4,AS Yadav,Q de Kock,DL Chahar,0,0,0,0,0,0,0,0,0,,,
11412,2,Mumbai Indians,Chennai Super Kings,1,5,AS Yadav,Q de Kock,DL Chahar,0,0,0,0,0,0,0,0,0,,,
11412,2,Mumbai Indians,Chennai Super Kings,1,6,AS Yadav,Q de Kock,DL Chahar,0,0,0,0,0,0,4,0,4,,,
11412,2,Mumbai Indians,Chennai Super Kings,2,1,Q de Kock,AS Yadav,Harbhajan Singh,0,0,0,0,0,0,0,0,0,,,
11412,2,Mumbai Indians,Chennai Super Kings,2,2,Q de Kock,AS Yadav,Harbhajan Singh,0,0,0,0,0,0,0,0,0,,,
11412,2,Mumbai Indians,Chennai Super Kings,2,3,Q de Kock,AS Yadav,Harbhajan Singh,0,0,0,0,0,0,0,0,0,,,
11412,2,Mumbai Indians,Chennai Super Kings,2,4,Q de Kock,AS Yadav,Harbhajan Singh,0,3,0,0,0,0,3,3,6,,,
11412,2,Mumbai Indians,Chennai Super Kings,2,5,Q de Kock,AS Yadav,Harbhajan Singh,0,0,0,0,0,0,4,0,4,,,
11412,2,Mumbai Indians,Chennai Super Kings,2,6,Q de Kock,AS Yadav,Harbhajan Singh,0,0,0,0,0,0,0,0,0,,,
11412,2,Mumbai Indians,Chennai Super Kings,2,7,Q de Kock,AS Yadav,Harbhajan Singh,0,0,0,0,0,0,0,0,0,,,
11412,2,Mumbai Indians,Chennai Super Kings,3,1,AS Yadav,Q de Kock,DL Chahar,0,0,0,0,0,0,1,0,1,,,
11412,2,Mumbai Indians,Chennai Super Kings,3,2,Q de Kock,AS Yadav,DL Chahar,0,0,0,0,0,0,0,0,0,,,
11412,2,Mumbai Indians,Chennai Super Kings,3,3,Q de Kock,AS Yadav,DL Chahar,0,0,0,0,0,0,0,0,0,,,
11412,2,Mumbai Indians,Chennai Super Kings,3,4,Q de Kock,AS Yadav,DL Chahar,0,0,0,0,0,0,4,0,4,,,
11412,2,Mumbai Indians,Chennai Super Kings,3,5,Q de Kock,AS Yadav,DL Chahar,0,0,0,0,0,0,0,0,0,,,
11412,2,Mumbai Indians,Chennai Super Kings,3,6,Q de Kock,AS Yadav,DL Chahar,0,0,0,0,0,0,0,0,0,,,
11412,2,Mumbai Indians,Chennai Super Kings,4,1,AS Yadav,Q de Kock,Harbhajan Singh,0,0,0,0,0,0,1,0,1,,,
11412,2,Mumbai Indians,Chennai Super Kings,4,2,Q de Kock,AS Yadav,Harbhajan Singh,0,0,0,0,0,0,0,0,0,Q de Kock,caught,F du Plessis
11412,2,Mumbai Indians,Chennai Super Kings,4,3,AS Yadav,Ishan Kishan,Harbhajan Singh,0,0,0,0,0,0,1,0,1,,,
11412,2,Mumbai Indians,Chennai Super Kings,4,4,Ishan Kishan,AS Yadav,Harbhajan Singh,0,0,0,0,0,0,0,0,0,,,
11412,2,Mumbai Indians,Chennai Super Kings,4,5,Ishan Kishan,AS Yadav,Harbhajan Singh,0,0,0,0,0,0,0,0,0,,,
11412,2,Mumbai Indians,Chennai Super Kings,4,6,Ishan Kishan,AS Yadav,Harbhajan Singh,0,0,0,0,0,0,0,0,0,,,
11412,2,Mumbai Indians,Chennai Super Kings,5,1,AS Yadav,Ishan Kishan,DL Chahar,0,0,0,0,0,0,0,0,0,,,
11412,2,Mumbai Indians,Chennai Super Kings,5,2,AS Yadav,Ishan Kishan,DL Chahar,0,0,0,0,0,0,4,0,4,,,
11412,2,Mumbai Indians,Chennai Super Kings,5,3,AS Yadav,Ishan Kishan,DL Chahar,0,0,0,0,0,0,4,0,4,,,
11412,2,Mumbai Indians,Chennai Super Kings,5,4,AS Yadav,Ishan Kishan,DL Chahar,0,0,0,0,0,0,1,0,1,,,
11412,2,Mumbai Indians,Chennai Super Kings,5,5,Ishan Kishan,AS Yadav,DL Chahar,0,0,0,0,0,0,2,0,2,,,
11412,2,Mumbai Indians,Chennai Super Kings,5,6,Ishan Kishan,AS Yadav,DL Chahar,0,0,0,0,0,0,0,0,0,,,
11412,2,Mumbai Indians,Chennai Super Kings,6,1,AS Yadav,Ishan Kishan,Harbhajan Singh,0,0,0,0,0,0,0,0,0,,,
11412,2,Mumbai Indians,Chennai Super Kings,6,2,AS Yadav,Ishan Kishan,Harbhajan Singh,0,0,0,0,0,0,1,0,1,,,
11412,2,Mumbai Indians,Chennai Super Kings,6,3,Ishan Kishan,AS Yadav,Harbhajan Singh,0,0,0,0,0,0,0,0,0,,,
11412,2,Mumbai Indians,Chennai Super Kings,6,4,Ishan Kishan,AS Yadav,Harbhajan Singh,0,0,0,0,0,0,4,0,4,,,
11412,2,Mumbai Indians,Chennai Super Kings,6,5,Ishan Kishan,AS Yadav,Harbhajan Singh,0,0,0,0,0,0,0,0,0,,,
11412,2,Mumbai Indians,Chennai Super Kings,6,6,Ishan Kishan,AS Yadav,Harbhajan Singh,0,0,0,0,0,0,6,0,6,,,
11412,2,Mumbai Indians,Chennai Super Kings,7,1,AS Yadav,Ishan Kishan,RA Jadeja,0,0,0,0,0,0,0,0,0,,,
11412,2,Mumbai Indians,Chennai Super Kings,7,2,AS Yadav,Ishan Kishan,RA Jadeja,0,0,0,0,0,0,1,0,1,,,
11412,2,Mumbai Indians,Chennai Super Kings,7,3,Ishan Kishan,AS Yadav,RA Jadeja,0,0,0,0,0,0,0,0,0,,,
11412,2,Mumbai Indians,Chennai Super Kings,7,4,Ishan Kishan,AS Yadav,RA Jadeja,0,0,0,0,0,0,1,0,1,,,
11412,2,Mumbai Indians,Chennai Super Kings,7,5,AS Yadav,Ishan Kishan,RA Jadeja,0,0,0,0,0,0,2,0,2,,,
11412,2,Mumbai Indians,Chennai Super Kings,7,6,AS Yadav,Ishan Kishan,RA Jadeja,0,0,0,0,0,0,0,0,0,,,
11412,2,Mumbai Indians,Chennai Super Kings,8,1,Ishan Kishan,AS Yadav,DJ Bravo,0,0,0,0,0,0,1,0,1,,,
11412,2,Mumbai Indians,Chennai Super Kings,8,2,AS Yadav,Ishan Kishan,DJ Bravo,0,0,0,0,0,0,1,0,1,,,
11412,2,Mumbai Indians,Chennai Super Kings,8,3,Ishan Kishan,AS Yadav,DJ Bravo,0,0,0,0,0,0,2,0,2,,,
11412,2,Mumbai Indians,Chennai Super Kings,8,4,Ishan Kishan,AS Yadav,DJ Bravo,0,0,0,0,0,0,1,0,1,,,
11412,2,Mumbai Indians,Chennai Super Kings,8,5,AS Yadav,Ishan Kishan,DJ Bravo,0,0,0,0,0,0,1,0,1,,,
11412,2,Mumbai Indians,Chennai Super Kings,8,6,Ishan Kishan,AS Yadav,DJ Bravo,0,0,0,0,0,0,0,0,0,,,
11412,2,Mumbai Indians,Chennai Super Kings,9,1,AS Yadav,Ishan Kishan,Imran Tahir,0,0,0,0,0,0,1,0,1,,,
11412,2,Mumbai Indians,Chennai Super Kings,9,2,Ishan Kishan,AS Yadav,Imran Tahir,0,0,0,0,0,0,1,0,1,,,
11412,2,Mumbai Indians,Chennai Super Kings,9,3,AS Yadav,Ishan Kishan,Imran Tahir,0,0,0,0,0,0,0,0,0,,,
11412,2,Mumbai Indians,Chennai Super Kings,9,4,AS Yadav,Ishan Kishan,Imran Tahir,0,0,0,0,0,0,1,0,1,,,
11412,2,Mumbai Indians,Chennai Super Kings,9,5,Ishan Kishan,AS Yadav,Imran Tahir,0,0,0,0,0,0,1,0,1,,,
11412,2,Mumbai Indians,Chennai Super Kings,9,6,AS Yadav,Ishan Kishan,Imran Tahir,0,0,0,0,0,0,1,0,1,,,
11412,2,Mumbai Indians,Chennai Super Kings,10,1,AS Yadav,Ishan Kishan,DJ Bravo,0,0,0,0,0,0,2,0,2,,,
11412,2,Mumbai Indians,Chennai Super Kings,10,2,AS Yadav,Ishan Kishan,DJ Bravo,0,0,0,0,0,0,4,0,4,,,
11412,2,Mumbai Indians,Chennai Super Kings,10,3,AS Yadav,Ishan Kishan,DJ Bravo,0,0,0,0,0,0,1,0,1,,,
11412,2,Mumbai Indians,Chennai Super Kings,10,4,Ishan Kishan,AS Yadav,DJ Bravo,0,0,0,0,0,0,1,0,1,,,
11412,2,Mumbai Indians,Chennai Super Kings,10,5,AS Yadav,Ishan Kishan,DJ Bravo,0,0,0,0,0,0,1,0,1,,,
11412,2,Mumbai Indians,Chennai Super Kings,10,6,Ishan Kishan,AS Yadav,DJ Bravo,0,0,0,0,0,0,1,0,1,,,
11412,2,Mumbai Indians,Chennai Super Kings,11,1,Ishan Kishan,AS Yadav,Imran Tahir,0,0,0,0,0,0,1,0,1,,,
11412,2,Mumbai Indians,Chennai Super Kings,11,2,AS Yadav,Ishan Kishan,Imran Tahir,0,0,0,0,0,0,0,0,0,,,
11412,2,Mumbai Indians,Chennai Super Kings,11,3,AS Yadav,Ishan Kishan,Imran Tahir,0,0,0,0,0,0,4,0,4,,,
11412,2,Mumbai Indians,Chennai Super Kings,11,4,AS Yadav,Ishan Kishan,Imran Tahir,0,0,0,0,0,0,4,0,4,,,
11412,2,Mumbai Indians,Chennai Super Kings,11,5,AS Yadav,Ishan Kishan,Imran Tahir,0,0,0,0,0,0,1,0,1,,,
11412,2,Mumbai Indians,Chennai Super Kings,11,6,Ishan Kishan,AS Yadav,Imran Tahir,0,0,0,0,0,0,1,0,1,,,
11412,2,Mumbai Indians,Chennai Super Kings,12,1,Ishan Kishan,AS Yadav,Harbhajan Singh,0,0,0,0,0,0,2,0,2,,,
11412,2,Mumbai Indians,Chennai Super Kings,12,2,Ishan Kishan,AS Yadav,Harbhajan Singh,0,0,0,0,0,0,0,0,0,,,
11412,2,Mumbai Indians,Chennai Super Kings,12,3,Ishan Kishan,AS Yadav,Harbhajan Singh,0,0,0,0,0,0,0,0,0,,,
11412,2,Mumbai Indians,Chennai Super Kings,12,4,Ishan Kishan,AS Yadav,Harbhajan Singh,0,0,0,0,0,0,1,0,1,,,
11412,2,Mumbai Indians,Chennai Super Kings,12,5,AS Yadav,Ishan Kishan,Harbhajan Singh,0,0,0,0,0,0,1,0,1,,,
11412,2,Mumbai Indians,Chennai Super Kings,12,6,Ishan Kishan,AS Yadav,Harbhajan Singh,0,0,0,0,0,0,1,0,1,,,
11412,2,Mumbai Indians,Chennai Super Kings,13,1,Ishan Kishan,AS Yadav,RA Jadeja,0,0,0,0,0,0,0,0,0,,,
11412,2,Mumbai Indians,Chennai Super Kings,13,2,Ishan Kishan,AS Yadav,RA Jadeja,0,0,0,1,0,0,1,1,2,,,
11412,2,Mumbai Indians,Chennai Super Kings,13,3,AS Yadav,Ishan Kishan,RA Jadeja,0,0,0,0,0,0,0,0,0,,,
11412,2,Mumbai Indians,Chennai Super Kings,13,4,AS Yadav,Ishan Kishan,RA Jadeja,0,0,0,0,0,0,1,0,1,,,
11412,2,Mumbai Indians,Chennai Super Kings,13,5,Ishan Kishan,AS Yadav,RA Jadeja,0,0,0,0,0,0,1,0,1,,,
11412,2,Mumbai Indians,Chennai Super Kings,13,6,AS Yadav,Ishan Kishan,RA Jadeja,0,0,0,0,0,0,4,0,4,,,
11412,2,Mumbai Indians,Chennai Super Kings,14,1,Ishan Kishan,AS Yadav,Imran Tahir,0,4,0,0,0,0,4,4,8,,,
11412,2,Mumbai Indians,Chennai Super Kings,14,2,AS Yadav,Ishan Kishan,Imran Tahir,0,0,0,0,0,0,0,0,0,,,
11412,2,Mumbai Indians,Chennai Super Kings,14,3,AS Yadav,Ishan Kishan,Imran Tahir,0,0,0,0,0,0,4,0,4,,,
11412,2,Mumbai Indians,Chennai Super Kings,14,4,AS Yadav,Ishan Kishan,Imran Tahir,0,0,0,0,0,0,1,0,1,,,
11412,2,Mumbai Indians,Chennai Super Kings,14,5,Ishan Kishan,AS Yadav,Imran Tahir,0,0,0,0,0,0,0,0,0,,,
11412,2,Mumbai Indians,Chennai Super Kings,14,6,Ishan Kishan,AS Yadav,Imran Tahir,0,0,0,0,0,0,0,0,0,Ishan Kishan,bowled,
11412,2,Mumbai Indians,Chennai Super Kings,14,7,KH Pandya,AS Yadav,Imran Tahir,0,0,0,0,0,0,0,0,0,KH Pandya,caught,Imran Tahir
11412,2,Mumbai Indians,Chennai Super Kings,15,1,AS Yadav,HH Pandya,RA Jadeja,0,0,0,0,0,0,4,0,4,,,
11412,2,Mumbai Indians,Chennai Super Kings,15,2,AS Yadav,HH Pandya,RA Jadeja,0,0,0,0,0,0,0,0,0,,,
11412,2,Mumbai Indians,Chennai Super Kings,15,3,AS Yadav,HH Pandya,RA Jadeja,0,0,0,0,0,0,0,0,0,,,
11412,2,Mumbai Indians,Chennai Super Kings,15,4,AS Yadav,HH Pandya,RA Jadeja,0,0,0,0,0,0,2,0,2,,,
11412,2,Mumbai Indians,Chennai Super Kings,15,5,AS Yadav,HH Pandya,RA Jadeja,0,0,0,0,0,0,1,0,1,,,
11412,2,Mumbai Indians,Chennai Super Kings,15,6,HH Pandya,AS Yadav,RA Jadeja,0,0,0,0,0,0,0,0,0,,,
11412,2,Mumbai Indians,Chennai Super Kings,16,1,AS Yadav,HH Pandya,Imran Tahir,0,0,0,0,0,0,2,0,2,,,
11412,2,Mumbai Indians,Chennai Super Kings,16,2,AS Yadav,HH Pandya,Imran Tahir,0,0,0,0,0,0,1,0,1,,,
11412,2,Mumbai Indians,Chennai Super Kings,16,3,HH Pandya,AS Yadav,Imran Tahir,0,0,0,0,0,0,0,0,0,,,
11412,2,Mumbai Indians,Chennai Super Kings,16,4,HH Pandya,AS Yadav,Imran Tahir,0,0,0,0,0,0,4,0,4,,,
11412,2,Mumbai Indians,Chennai Super Kings,16,5,HH Pandya,AS Yadav,Imran Tahir,0,0,0,0,0,0,0,0,0,,,
11412,2,Mumbai Indians,Chennai Super Kings,16,6,HH Pandya,AS Yadav,Imran Tahir,0,0,0,0,0,0,1,0,1,,,
11412,2,Mumbai Indians,Chennai Super Kings,17,1,HH Pandya,AS Yadav,DJ Bravo,0,0,0,0,0,0,1,0,1,,,
11412,2,Mumbai Indians,Chennai Super Kings,17,2,AS Yadav,HH Pandya,DJ Bravo,0,0,0,0,0,0,2,0,2,,,
11412,2,Mumbai Indians,Chennai Super Kings,17,3,AS Yadav,HH Pandya,DJ Bravo,0,0,0,0,0,0,1,0,1,,,
11412,2,Mumbai Indians,Chennai Super Kings,17,4,HH Pandya,AS Yadav,DJ Bravo,0,0,0,0,0,0,2,0,2,,,
11412,2,Mumbai Indians,Chennai Super Kings,17,5,HH Pandya,AS Yadav,DJ Bravo,0,0,0,0,0,0,2,0,2,,,
11412,2,Mumbai Indians,Chennai Super Kings,17,6,HH Pandya,AS Yadav,DJ Bravo,0,0,0,0,0,0,1,0,1,,,
11412,2,Mumbai Indians,Chennai Super Kings,18,1,HH Pandya,AS Yadav,RA Jadeja,0,0,0,0,0,0,1,0,1,,,
11412,2,Mumbai Indians,Chennai Super Kings,18,2,AS Yadav,HH Pandya,RA Jadeja,0,0,0,0,0,0,0,0,0,,,
11412,2,Mumbai Indians,Chennai Super Kings,18,3,AS Yadav,HH Pandya,RA Jadeja,0,0,0,0,0,0,0,0,0,,,
11412,2,Mumbai Indians,Chennai Super Kings,18,4,AS Yadav,HH Pandya,RA Jadeja,0,0,0,0,0,0,0,0,0,,,
11412,2,Mumbai Indians,Chennai Super Kings,18,5,AS Yadav,HH Pandya,RA Jadeja,0,0,0,0,0,0,0,0,0,,,
11412,2,Mumbai Indians,Chennai Super Kings,18,6,AS Yadav,HH Pandya,RA Jadeja,0,0,0,0,0,0,0,0,0,,,
11412,2,Mumbai Indians,Chennai Super Kings,19,1,HH Pandya,AS Yadav,DL Chahar,0,0,0,0,0,0,1,0,1,,,
11412,2,Mumbai Indians,Chennai Super Kings,19,2,AS Yadav,HH Pandya,DL Chahar,0,0,0,0,0,0,4,0,4,,,
11412,2,Mumbai Indians,Chennai Super Kings,19,3,AS Yadav,HH Pandya,DL Chahar,0,0,0,0,0,0,1,0,1,,,
11413,1,Sunrisers Hyderabad,Delhi Capitals,1,1,WP Saha,MJ Guptill,TA Boult,0,0,0,0,0,0,0,0,0,,,
11413,1,Sunrisers Hyderabad,Delhi Capitals,1,2,WP Saha,MJ Guptill,TA Boult,0,0,0,0,0,0,1,0,1,,,
11413,1,Sunrisers Hyderabad,Delhi Capitals,1,3,MJ Guptill,WP Saha,TA Boult,0,0,0,0,0,0,1,0,1,,,
11413,1,Sunrisers Hyderabad,Delhi Capitals,1,4,WP Saha,MJ Guptill,TA Boult,0,0,0,0,0,0,1,0,1,,,
11413,1,Sunrisers Hyderabad,Delhi Capitals,1,5,MJ Guptill,WP Saha,TA Boult,0,0,0,0,0,0,1,0,1,,,
11413,1,Sunrisers Hyderabad,Delhi Capitals,1,6,WP Saha,MJ Guptill,TA Boult,0,0,0,0,0,0,4,0,4,,,
11413,1,Sunrisers Hyderabad,Delhi Capitals,2,1,MJ Guptill,WP Saha,I Sharma,0,0,0,0,0,0,0,0,0,,,
11413,1,Sunrisers Hyderabad,Delhi Capitals,2,2,MJ Guptill,WP Saha,I Sharma,0,0,0,0,0,0,1,0,1,,,
11413,1,Sunrisers Hyderabad,Delhi Capitals,2,3,WP Saha,MJ Guptill,I Sharma,0,0,0,0,0,0,0,0,0,,,
11413,1,Sunrisers Hyderabad,Delhi Capitals,2,4,WP Saha,MJ Guptill,I Sharma,0,0,0,0,0,0,1,0,1,,,
11413,1,Sunrisers Hyderabad,Delhi Capitals,2,5,MJ Guptill,WP Saha,I Sharma,0,0,0,0,0,0,6,0,6,,,
11413,1,Sunrisers Hyderabad,Delhi Capitals,2,6,MJ Guptill,WP Saha,I Sharma,0,0,0,0,0,0,0,0,0,,,
11413,1,Sunrisers Hyderabad,Delhi Capitals,3,1,WP Saha,MJ Guptill,TA Boult,0,0,0,0,0,0,0,0,0,,,
11413,1,Sunrisers Hyderabad,Delhi Capitals,3,2,WP Saha,MJ Guptill,TA Boult,0,0,0,0,0,0,1,0,1,,,
11413,1,Sunrisers Hyderabad,Delhi Capitals,3,3,MJ Guptill,WP Saha,TA Boult,0,0,0,0,0,0,2,0,2,,,
11413,1,Sunrisers Hyderabad,Delhi Capitals,3,4,MJ Guptill,WP Saha,TA Boult,0,0,0,0,0,0,0,0,0,,,
11413,1,Sunrisers Hyderabad,Delhi Capitals,3,5,MJ Guptill,WP Saha,TA Boult,0,0,0,0,0,0,6,0,6,,,
11413,1,Sunrisers Hyderabad,Delhi Capitals,3,6,MJ Guptill,WP Saha,TA Boult,0,0,0,0,0,0,6,0,6,,,
11413,1,Sunrisers Hyderabad,Delhi Capitals,4,1,WP Saha,MJ Guptill,I Sharma,0,0,0,0,0,0,0,0,0,WP Saha,caught,SS Iyer
11413,1,Sunrisers Hyderabad,Delhi Capitals,4,2,MJ Guptill,MK Pandey,I Sharma,0,0,0,0,0,0,1,0,1,,,
11413,1,Sunrisers Hyderabad,Delhi Capitals,4,3,MK Pandey,MJ Guptill,I Sharma,0,0,0,0,0,0,1,0,1,,,
11413,1,Sunrisers Hyderabad,Delhi Capitals,4,4,MJ Guptill,MK Pandey,I Sharma,0,0,0,0,0,0,4,0,4,,,
11413,1,Sunrisers Hyderabad,Delhi Capitals,4,5,MJ Guptill,MK Pandey,I Sharma,0,0,0,0,0,0,0,0,0,,,
11413,1,Sunrisers Hyderabad,Delhi Capitals,4,6,MJ Guptill,MK Pandey,I Sharma,0,0,0,0,0,0,0,0,0,,,
11413,1,Sunrisers Hyderabad,Delhi Capitals,5,1,MK Pandey,MJ Guptill,AR Patel,0,0,0,0,0,0,0,0,0,,,
11413,1,Sunrisers Hyderabad,Delhi Capitals,5,2,MK Pandey,MJ Guptill,AR Patel,0,0,0,0,0,0,0,0,0,,,
11413,1,Sunrisers Hyderabad,Delhi Capitals,5,3,MK Pandey,MJ Guptill,AR Patel,0,0,0,0,0,0,0,0,0,,,
11413,1,Sunrisers Hyderabad,Delhi Capitals,5,4,MK Pandey,MJ Guptill,AR Patel,0,0,0,0,0,0,1,0,1,,,
11413,1,Sunrisers Hyderabad,Delhi Capitals,5,5,MJ Guptill,MK Pandey,AR Patel,0,0,0,0,0,0,6,0,6,,,
11413,1,Sunrisers Hyderabad,Delhi Capitals,5,6,MJ Guptill,MK Pandey,AR Patel,0,0,0,0,0,0,0,0,0,,,
11413,1,Sunrisers Hyderabad,Delhi Capitals,6,1,MK Pandey,MJ Guptill,I Sharma,0,0,0,0,0,0,4,0,4,,,
11413,1,Sunrisers Hyderabad,Delhi Capitals,6,2,MK Pandey,MJ Guptill,I Sharma,0,0,0,0,0,0,0,0,0,,,
11413,1,Sunrisers Hyderabad,Delhi Capitals,6,3,MK Pandey,MJ Guptill,I Sharma,0,0,0,0,0,0,1,0,1,,,
11413,1,Sunrisers Hyderabad,Delhi Capitals,6,4,MJ Guptill,MK Pandey,I Sharma,0,0,0,0,0,0,1,0,1,,,
11413,1,Sunrisers Hyderabad,Delhi Capitals,6,5,MK Pandey,MJ Guptill,I Sharma,0,0,0,0,0,0,4,0,4,,,
11413,1,Sunrisers Hyderabad,Delhi Capitals,6,6,MK Pandey,MJ Guptill,I Sharma,0,0,0,0,0,0,0,0,0,,,
11413,1,Sunrisers Hyderabad,Delhi Capitals,7,1,MJ Guptill,MK Pandey,A Mishra,0,0,0,0,0,0,1,0,1,,,
11413,1,Sunrisers Hyderabad,Delhi Capitals,7,2,MK Pandey,MJ Guptill,A Mishra,0,0,0,0,0,0,1,0,1,,,
11413,1,Sunrisers Hyderabad,Delhi Capitals,7,3,MJ Guptill,MK Pandey,A Mishra,0,0,0,0,0,0,0,0,0,MJ Guptill,caught,K Paul
11413,1,Sunrisers Hyderabad,Delhi Capitals,7,4,MK Pandey,KS Williamson,A Mishra,0,0,0,0,0,0,0,0,0,,,
11413,1,Sunrisers Hyderabad,Delhi Capitals,7,5,MK Pandey,KS Williamson,A Mishra,0,0,0,0,0,0,1,0,1,,,
11413,1,Sunrisers Hyderabad,Delhi Capitals,7,6,KS Williamson,MK Pandey,A Mishra,0,0,0,0,0,0,1,0,1,,,
11413,1,Sunrisers Hyderabad,Delhi Capitals,8,1,KS Williamson,MK Pandey,K Paul,0,0,0,0,0,0,1,0,1,,,
11413,1,Sunrisers Hyderabad,Delhi Capitals,8,2,MK Pandey,KS Williamson,K Paul,0,1,0,0,0,0,1,1,2,,,
11413,1,Sunrisers Hyderabad,Delhi Capitals,8,3,MK Pandey,KS Williamson,K Paul,0,1,0,0,0,0,1,1,2,,,
11413,1,Sunrisers Hyderabad,Delhi Capitals,8,4,MK Pandey,KS Williamson,K Paul,0,0,0,0,0,0,1,0,1,,,
11413,1,Sunrisers Hyderabad,Delhi Capitals,8,5,KS Williamson,MK Pandey,K Paul,0,0,0,0,0,0,0,0,0,,,
11413,1,Sunrisers Hyderabad,Delhi Capitals,8,6,KS Williamson,MK Pandey,K Paul,0,0,0,0,0,0,1,0,1,,,
11413,1,Sunrisers Hyderabad,Delhi Capitals,8,7,MK Pandey,KS Williamson,K Paul,0,0,0,1,0,0,1,1,2,,,
11413,1,Sunrisers Hyderabad,Delhi Capitals,8,8,KS Williamson,MK Pandey,K Paul,0,1,0,0,0,0,1,1,2,,,
11413,1,Sunrisers Hyderabad,Delhi Capitals,8,9,KS Williamson,MK Pandey,K Paul,0,0,0,0,0,0,0,0,0,,,
11413,1,Sunrisers Hyderabad,Delhi Capitals,9,1,MK Pandey,KS Williamson,A Mishra,0,0,0,0,0,0,2,0,2,,,
11413,1,Sunrisers Hyderabad,Delhi Capitals,9,2,MK Pandey,KS Williamson,A Mishra,0,0,0,0,0,0,0,0,0,,,
11413,1,Sunrisers Hyderabad,Delhi Capitals,9,3,MK Pandey,KS Williamson,A Mishra,0,0,0,0,0,0,0,0,0,,,
11413,1,Sunrisers Hyderabad,Delhi Capitals,9,4,MK Pandey,KS Williamson,A Mishra,0,0,0,0,0,0,0,0,0,,,
11413,1,Sunrisers Hyderabad,Delhi Capitals,9,5,MK Pandey,KS Williamson,A Mishra,0,0,0,0,0,0,0,0,0,,,
11413,1,Sunrisers Hyderabad,Delhi Capitals,9,6,MK Pandey,KS Williamson,A Mishra,0,0,0,0,0,0,0,0,0,,,
11413,1,Sunrisers Hyderabad,Delhi Capitals,10,1,KS Williamson,MK Pandey,AR Patel,0,0,0,0,0,0,1,0,1,,,
11413,1,Sunrisers Hyderabad,Delhi Capitals,10,2,MK Pandey,KS Williamson,AR Patel,0,0,0,0,0,0,0,0,0,,,
11413,1,Sunrisers Hyderabad,Delhi Capitals,10,3,MK Pandey,KS Williamson,AR Patel,0,0,0,0,0,0,1,0,1,,,
11413,1,Sunrisers Hyderabad,Delhi Capitals,10,4,KS Williamson,MK Pandey,AR Patel,0,0,0,0,0,0,0,0,0,,,
11413,1,Sunrisers Hyderabad,Delhi Capitals,10,5,KS Williamson,MK Pandey,AR Patel,0,0,0,0,0,0,1,0,1,,,
11413,1,Sunrisers Hyderabad,Delhi Capitals,10,6,MK Pandey,KS Williamson,AR Patel,0,0,0,0,0,0,1,0,1,,,
11413,1,Sunrisers Hyderabad,Delhi Capitals,11,1,MK Pandey,KS Williamson,A Mishra,0,0,0,0,0,0,1,0,1,,,
11413,1,Sunrisers Hyderabad,Delhi Capitals,11,2,KS Williamson,MK Pandey,A Mishra,0,0,0,0,0,0,0,0,0,,,
11413,1,Sunrisers Hyderabad,Delhi Capitals,11,3,KS Williamson,MK Pandey,A Mishra,0,0,0,0,0,0,0,0,0,,,
11413,1,Sunrisers Hyderabad,Delhi Capitals,11,4,KS Williamson,MK Pandey,A Mishra,0,0,0,0,0,0,1,0,1,,,
11413,1,Sunrisers Hyderabad,Delhi Capitals,11,5,MK Pandey,KS Williamson,A Mishra,0,0,0,0,0,0,2,0,2,,,
11413,1,Sunrisers Hyderabad,Delhi Capitals,11,6,MK Pandey,KS Williamson,A Mishra,0,0,0,0,0,0,0,0,0,,,
11413,1,Sunrisers Hyderabad,Delhi Capitals,12,1,KS Williamson,MK Pandey,AR Patel,0,0,0,0,0,0,1,0,1,,,
11413,1,Sunrisers Hyderabad,Delhi Capitals,12,2,MK Pandey,KS Williamson,AR Patel,0,0,0,0,0,0,0,0,0,,,
11413,1,Sunrisers Hyderabad,Delhi Capitals,12,3,MK Pandey,KS Williamson,AR Patel,0,0,0,0,0,0,4,0,4,,,
11413,1,Sunrisers Hyderabad,Delhi Capitals,12,4,MK Pandey,KS Williamson,AR Patel,0,0,0,0,0,0,0,0,0,,,
11413,1,Sunrisers Hyderabad,Delhi Capitals,12,5,MK Pandey,KS Williamson,AR Patel,0,0,0,0,0,0,1,0,1,,,
11413,1,Sunrisers Hyderabad,Delhi Capitals,12,6,KS Williamson,MK Pandey,AR Patel,0,0,0,0,0,0,1,0,1,,,
11413,1,Sunrisers Hyderabad,Delhi Capitals,13,1,KS Williamson,MK Pandey,A Mishra,0,0,0,0,0,0,1,0,1,,,
11413,1,Sunrisers Hyderabad,Delhi Capitals,13,2,MK Pandey,KS Williamson,A Mishra,0,0,0,0,0,0,1,0,1,,,
11413,1,Sunrisers Hyderabad,Delhi Capitals,13,3,KS Williamson,MK Pandey,A Mishra,0,0,0,0,0,0,1,0,1,,,
11413,1,Sunrisers Hyderabad,Delhi Capitals,13,4,MK Pandey,KS Williamson,A Mishra,0,0,0,0,0,0,1,0,1,,,
11413,1,Sunrisers Hyderabad,Delhi Capitals,13,5,KS Williamson,MK Pandey,A Mishra,0,0,0,0,0,0,1,0,1,,,
11413,1,Sunrisers Hyderabad,Delhi Capitals,13,6,MK Pandey,KS Williamson,A Mishra,0,0,0,0,0,0,1,0,1,,,
11413,1,Sunrisers Hyderabad,Delhi Capitals,14,1,MK Pandey,KS Williamson,K Paul,0,0,0,0,0,0,1,0,1,,,
11413,1,Sunrisers Hyderabad,Delhi Capitals,14,2,KS Williamson,MK Pandey,K Paul,0,0,0,0,0,0,1,0,1,,,
11413,1,Sunrisers Hyderabad,Delhi Capitals,14,3,MK Pandey,KS Williamson,K Paul,0,0,0,0,0,0,0,0,0,MK Pandey,caught,S Rutherford
11413,1,Sunrisers Hyderabad,Delhi Capitals,14,4,KS Williamson,V Shankar,K Paul,0,0,0,0,0,0,1,0,1,,,
11413,1,Sunrisers Hyderabad,Delhi Capitals,14,5,V Shankar,KS Williamson,K Paul,0,0,0,0,0,0,1,0,1,,,
11413,1,Sunrisers Hyderabad,Delhi Capitals,14,6,KS Williamson,V Shankar,K Paul,0,0,0,0,0,0,1,0,1,,,
11413,1,Sunrisers Hyderabad,Delhi Capitals,15,1,KS Williamson,V Shankar,S Rutherford,0,0,0,0,0,0,1,0,1,,,
11413,1,Sunrisers Hyderabad,Delhi Capitals,15,2,V Shankar,KS Williamson,S Rutherford,0,0,0,0,0,0,1,0,1,,,
11413,1,Sunrisers Hyderabad,Delhi Capitals,15,3,KS Williamson,V Shankar,S Rutherford,0,1,0,0,0,0,1,1,2,,,
11413,1,Sunrisers Hyderabad,Delhi Capitals,15,4,KS Williamson,V Shankar,S Rutherford,0,0,0,0,0,0,4,0,4,,,
11413,1,Sunrisers Hyderabad,Delhi Capitals,15,5,KS Williamson,V Shankar,S Rutherford,0,0,0,0,0,0,2,0,2,,,
11413,1,Sunrisers Hyderabad,Delhi Capitals,15,6,KS Williamson,V Shankar,S Rutherford,0,0,0,0,0,0,0,0,0,,,
11413,1,Sunrisers Hyderabad,Delhi Capitals,15,7,KS Williamson,V Shankar,S Rutherford,0,0,0,0,0,0,2,0,2,,,
11413,1,Sunrisers Hyderabad,Delhi Capitals,16,1,V Shankar,KS Williamson,I Sharma,0,0,0,0,0,0,1,0,1,,,
11413,1,Sunrisers Hyderabad,Delhi Capitals,16,2,KS Williamson,V Shankar,I Sharma,0,0,0,0,0,0,1,0,1,,,
11413,1,Sunrisers Hyderabad,Delhi Capitals,16,3,V Shankar,KS Williamson,I Sharma,0,0,0,1,0,0,1,1,2,,,
11413,1,Sunrisers Hyderabad,Delhi Capitals,16,4,KS Williamson,V Shankar,I Sharma,0,0,0,0,0,0,4,0,4,,,
11413,1,Sunrisers Hyderabad,Delhi Capitals,16,5,KS Williamson,V Shankar,I Sharma,0,0,0,0,0,0,0,0,0,KS Williamson,bowled,
11413,1,Sunrisers Hyderabad,Delhi Capitals,16,6,Mohammad Nabi,V Shankar,I Sharma,0,0,0,0,0,0,4,0,4,,,
11413,1,Sunrisers Hyderabad,Delhi Capitals,17,1,V Shankar,Mohammad Nabi,AR Patel,0,0,0,0,0,0,1,0,1,,,
11413,1,Sunrisers Hyderabad,Delhi Capitals,17,2,Mohammad Nabi,V Shankar,AR Patel,0,0,0,0,0,0,4,0,4,,,
11413,1,Sunrisers Hyderabad,Delhi Capitals,17,3,Mohammad Nabi,V Shankar,AR Patel,0,0,0,0,0,0,0,0,0,,,
11413,1,Sunrisers Hyderabad,Delhi Capitals,17,4,Mohammad Nabi,V Shankar,AR Patel,0,0,0,0,0,0,0,0,0,,,
11413,1,Sunrisers Hyderabad,Delhi Capitals,17,5,Mohammad Nabi,V Shankar,AR Patel,0,0,0,0,0,0,1,0,1,,,
11413,1,Sunrisers Hyderabad,Delhi Capitals,17,6,V Shankar,Mohammad Nabi,AR Patel,0,0,0,0,0,0,6,0,6,,,
11413,1,Sunrisers Hyderabad,Delhi Capitals,18,1,Mohammad Nabi,V Shankar,K Paul,0,0,0,0,0,0,0,0,0,,,
11413,1,Sunrisers Hyderabad,Delhi Capitals,18,2,Mohammad Nabi,V Shankar,K Paul,0,0,0,0,0,0,4,0,4,,,
11413,1,Sunrisers Hyderabad,Delhi Capitals,18,3,Mohammad Nabi,V Shankar,K Paul,0,0,0,0,0,0,0,0,0,,,
11413,1,Sunrisers Hyderabad,Delhi Capitals,18,4,Mohammad Nabi,V Shankar,K Paul,0,0,0,0,0,0,1,0,1,,,
11413,1,Sunrisers Hyderabad,Delhi Capitals,18,5,V Shankar,Mohammad Nabi,K Paul,0,0,0,0,0,0,4,0,4,,,
11413,1,Sunrisers Hyderabad,Delhi Capitals,18,6,V Shankar,Mohammad Nabi,K Paul,0,0,0,0,0,0,1,0,1,,,
11413,1,Sunrisers Hyderabad,Delhi Capitals,19,1,V Shankar,Mohammad Nabi,TA Boult,0,0,0,0,0,0,4,0,4,,,
11413,1,Sunrisers Hyderabad,Delhi Capitals,19,2,V Shankar,Mohammad Nabi,TA Boult,0,0,0,0,0,0,6,0,6,,,
11413,1,Sunrisers Hyderabad,Delhi Capitals,19,3,V Shankar,Mohammad Nabi,TA Boult,0,0,0,0,0,0,0,0,0,V Shankar,caught,AR Patel
11413,1,Sunrisers Hyderabad,Delhi Capitals,19,4,DJ Hooda,Mohammad Nabi,TA Boult,0,0,0,0,0,0,2,0,2,,,
11413,1,Sunrisers Hyderabad,Delhi Capitals,19,5,DJ Hooda,Mohammad Nabi,TA Boult,0,1,0,0,0,0,1,1,2,,,
11413,1,Sunrisers Hyderabad,Delhi Capitals,19,6,DJ Hooda,Mohammad Nabi,TA Boult,0,0,0,0,0,0,0,0,0,,,
11413,1,Sunrisers Hyderabad,Delhi Capitals,19,7,DJ Hooda,Mohammad Nabi,TA Boult,0,0,0,0,0,0,1,0,1,,,
11413,1,Sunrisers Hyderabad,Delhi Capitals,20,1,DJ Hooda,Mohammad Nabi,K Paul,0,1,0,0,0,0,1,1,2,,,
11413,1,Sunrisers Hyderabad,Delhi Capitals,20,2,DJ Hooda,Mohammad Nabi,K Paul,0,0,0,0,0,0,1,0,1,,,
11413,1,Sunrisers Hyderabad,Delhi Capitals,20,3,Mohammad Nabi,DJ Hooda,K Paul,0,0,0,0,0,0,0,0,0,,,
11413,1,Sunrisers Hyderabad,Delhi Capitals,20,4,Mohammad Nabi,DJ Hooda,K Paul,0,0,0,0,1,0,7,1,8,,,
11413,1,Sunrisers Hyderabad,Delhi Capitals,20,5,Mohammad Nabi,DJ Hooda,K Paul,0,0,0,0,0,0,0,0,0,,,
11413,1,Sunrisers Hyderabad,Delhi Capitals,20,6,Mohammad Nabi,DJ Hooda,K Paul,0,0,0,0,0,0,0,0,0,Mohammad Nabi,caught,AR Patel
11413,1,Sunrisers Hyderabad,Delhi Capitals,20,7,DJ Hooda,Rashid Khan,K Paul,0,0,0,0,0,0,1,0,1,,,
11413,1,Sunrisers Hyderabad,Delhi Capitals,20,8,Rashid Khan,B Kumar,K Paul,0,0,0,0,0,0,0,0,0,Rashid Khan,caught,RR Pant
11413,1,Sunrisers Hyderabad,Delhi Capitals,20,9,Basil Thampi,B Kumar,K Paul,0,0,0,0,0,0,1,0,1,,,
11413,2,Delhi Capitals,Sunrisers Hyderabad,1,1,P Shaw,S Dhawan,B Kumar,0,0,0,0,0,0,0,0,0,,,
11413,2,Delhi Capitals,Sunrisers Hyderabad,1,2,P Shaw,S Dhawan,B Kumar,0,0,0,0,0,0,1,0,1,,,
11413,2,Delhi Capitals,Sunrisers Hyderabad,1,3,S Dhawan,P Shaw,B Kumar,0,0,0,0,0,0,4,0,4,,,
11413,2,Delhi Capitals,Sunrisers Hyderabad,1,4,S Dhawan,P Shaw,B Kumar,0,0,0,0,0,0,4,0,4,,,
11413,2,Delhi Capitals,Sunrisers Hyderabad,1,5,S Dhawan,P Shaw,B Kumar,0,0,0,0,0,0,1,0,1,,,
11413,2,Delhi Capitals,Sunrisers Hyderabad,1,6,P Shaw,S Dhawan,B Kumar,0,0,0,0,0,0,0,0,0,,,
11413,2,Delhi Capitals,Sunrisers Hyderabad,2,1,S Dhawan,P Shaw,Mohammad Nabi,0,0,0,0,0,0,0,0,0,,,
11413,2,Delhi Capitals,Sunrisers Hyderabad,2,2,S Dhawan,P Shaw,Mohammad Nabi,0,0,0,0,0,0,0,0,0,,,
11413,2,Delhi Capitals,Sunrisers Hyderabad,2,3,S Dhawan,P Shaw,Mohammad Nabi,0,0,0,0,0,0,1,0,1,,,
11413,2,Delhi Capitals,Sunrisers Hyderabad,2,4,P Shaw,S Dhawan,Mohammad Nabi,0,0,0,0,0,0,0,0,0,,,
11413,2,Delhi Capitals,Sunrisers Hyderabad,2,5,P Shaw,S Dhawan,Mohammad Nabi,0,0,0,0,0,0,1,0,1,,,
11413,2,Delhi Capitals,Sunrisers Hyderabad,2,6,S Dhawan,P Shaw,Mohammad Nabi,0,0,0,0,0,0,0,0,0,,,
11413,2,Delhi Capitals,Sunrisers Hyderabad,3,1,P Shaw,S Dhawan,K Ahmed,0,0,0,0,0,0,0,0,0,,,
11413,2,Delhi Capitals,Sunrisers Hyderabad,3,2,P Shaw,S Dhawan,K Ahmed,0,0,0,0,0,0,4,0,4,,,
11413,2,Delhi Capitals,Sunrisers Hyderabad,3,3,P Shaw,S Dhawan,K Ahmed,0,0,0,0,0,0,4,0,4,,,
11413,2,Delhi Capitals,Sunrisers Hyderabad,3,4,P Shaw,S Dhawan,K Ahmed,0,0,0,0,0,0,0,0,0,,,
11413,2,Delhi Capitals,Sunrisers Hyderabad,3,5,P Shaw,S Dhawan,K Ahmed,0,0,0,0,0,0,4,0,4,,,
11413,2,Delhi Capitals,Sunrisers Hyderabad,3,6,P Shaw,S Dhawan,K Ahmed,0,0,0,0,0,0,1,0,1,,,
11413,2,Delhi Capitals,Sunrisers Hyderabad,4,1,P Shaw,S Dhawan,Mohammad Nabi,0,0,0,0,0,0,0,0,0,,,
11413,2,Delhi Capitals,Sunrisers Hyderabad,4,2,P Shaw,S Dhawan,Mohammad Nabi,0,0,0,0,0,0,2,0,2,,,
11413,2,Delhi Capitals,Sunrisers Hyderabad,4,3,P Shaw,S Dhawan,Mohammad Nabi,0,0,0,0,0,0,0,0,0,,,
11413,2,Delhi Capitals,Sunrisers Hyderabad,4,4,P Shaw,S Dhawan,Mohammad Nabi,0,0,0,0,0,0,0,0,0,,,
11413,2,Delhi Capitals,Sunrisers Hyderabad,4,5,P Shaw,S Dhawan,Mohammad Nabi,0,0,0,0,0,0,1,0,1,,,
11413,2,Delhi Capitals,Sunrisers Hyderabad,4,6,S Dhawan,P Shaw,Mohammad Nabi,0,0,0,0,0,0,4,0,4,,,
11413,2,Delhi Capitals,Sunrisers Hyderabad,5,1,P Shaw,S Dhawan,B Kumar,0,0,0,0,0,0,2,0,2,,,
11413,2,Delhi Capitals,Sunrisers Hyderabad,5,2,P Shaw,S Dhawan,B Kumar,0,1,0,0,0,0,1,1,2,,,
11413,2,Delhi Capitals,Sunrisers Hyderabad,5,3,P Shaw,S Dhawan,B Kumar,0,0,0,0,0,0,4,0,4,,,
11413,2,Delhi Capitals,Sunrisers Hyderabad,5,4,P Shaw,S Dhawan,B Kumar,0,0,0,0,0,0,6,0,6,,,
11413,2,Delhi Capitals,Sunrisers Hyderabad,5,5,P Shaw,S Dhawan,B Kumar,0,0,0,0,0,0,4,0,4,,,
11413,2,Delhi Capitals,Sunrisers Hyderabad,5,6,P Shaw,S Dhawan,B Kumar,0,0,0,0,0,0,0,0,0,,,
11413,2,Delhi Capitals,Sunrisers Hyderabad,5,7,P Shaw,S Dhawan,B Kumar,0,0,0,0,0,0,0,0,0,,,
11413,2,Delhi Capitals,Sunrisers Hyderabad,6,1,S Dhawan,P Shaw,Rashid Khan,0,0,0,0,0,0,0,0,0,,,
11413,2,Delhi Capitals,Sunrisers Hyderabad,6,2,S Dhawan,P Shaw,Rashid Khan,0,0,0,0,0,0,0,0,0,,,
11413,2,Delhi Capitals,Sunrisers Hyderabad,6,3,S Dhawan,P Shaw,Rashid Khan,0,0,0,0,0,0,0,0,0,,,
11413,2,Delhi Capitals,Sunrisers Hyderabad,6,4,S Dhawan,P Shaw,Rashid Khan,0,0,0,0,0,0,1,0,1,,,
11413,2,Delhi Capitals,Sunrisers Hyderabad,6,5,P Shaw,S Dhawan,Rashid Khan,0,0,0,0,0,0,4,0,4,,,
11413,2,Delhi Capitals,Sunrisers Hyderabad,6,6,P Shaw,S Dhawan,Rashid Khan,0,0,0,0,0,0,1,0,1,,,
11413,2,Delhi Capitals,Sunrisers Hyderabad,7,1,P Shaw,S Dhawan,Basil Thampi,0,0,0,0,0,0,1,0,1,,,
11413,2,Delhi Capitals,Sunrisers Hyderabad,7,2,S Dhawan,P Shaw,Basil Thampi,0,0,0,0,0,0,0,0,0,,,
11413,2,Delhi Capitals,Sunrisers Hyderabad,7,3,S Dhawan,P Shaw,Basil Thampi,0,0,0,0,0,0,0,0,0,,,
11413,2,Delhi Capitals,Sunrisers Hyderabad,7,4,S Dhawan,P Shaw,Basil Thampi,0,0,0,0,0,0,1,0,1,,,
11413,2,Delhi Capitals,Sunrisers Hyderabad,7,5,P Shaw,S Dhawan,Basil Thampi,0,0,0,0,0,0,0,0,0,,,
11413,2,Delhi Capitals,Sunrisers Hyderabad,7,6,P Shaw,S Dhawan,Basil Thampi,0,0,0,0,0,0,0,0,0,,,
11413,2,Delhi Capitals,Sunrisers Hyderabad,8,1,S Dhawan,P Shaw,DJ Hooda,0,0,0,0,0,0,1,0,1,,,
11413,2,Delhi Capitals,Sunrisers Hyderabad,8,2,P Shaw,S Dhawan,DJ Hooda,0,0,0,0,0,0,6,0,6,,,
11413,2,Delhi Capitals,Sunrisers Hyderabad,8,3,P Shaw,S Dhawan,DJ Hooda,0,0,0,0,0,0,1,0,1,,,
11413,2,Delhi Capitals,Sunrisers Hyderabad,8,4,S Dhawan,P Shaw,DJ Hooda,0,0,0,0,0,0,1,0,1,,,
11413,2,Delhi Capitals,Sunrisers Hyderabad,8,5,SS Iyer,P Shaw,DJ Hooda,0,0,0,0,0,0,1,0,1,,,
11413,2,Delhi Capitals,Sunrisers Hyderabad,8,6,P Shaw,SS Iyer,DJ Hooda,0,0,0,0,0,0,2,0,2,,,
11413,2,Delhi Capitals,Sunrisers Hyderabad,8,7,P Shaw,SS Iyer,DJ Hooda,0,0,0,0,0,0,1,0,1,,,
11413,2,Delhi Capitals,Sunrisers Hyderabad,9,1,P Shaw,SS Iyer,Rashid Khan,0,1,0,0,0,0,1,1,2,,,
11413,2,Delhi Capitals,Sunrisers Hyderabad,9,2,P Shaw,SS Iyer,Rashid Khan,0,0,0,0,0,0,1,0,1,,,
11413,2,Delhi Capitals,Sunrisers Hyderabad,9,3,SS Iyer,P Shaw,Rashid Khan,0,0,0,0,0,0,0,0,0,,,
11413,2,Delhi Capitals,Sunrisers Hyderabad,9,4,SS Iyer,P Shaw,Rashid Khan,0,0,0,0,0,0,0,0,0,,,
11413,2,Delhi Capitals,Sunrisers Hyderabad,9,5,SS Iyer,P Shaw,Rashid Khan,0,0,0,0,0,0,4,0,4,,,
11413,2,Delhi Capitals,Sunrisers Hyderabad,9,6,SS Iyer,P Shaw,Rashid Khan,0,0,0,0,0,0,0,0,0,,,
11413,2,Delhi Capitals,Sunrisers Hyderabad,9,7,SS Iyer,P Shaw,Rashid Khan,0,0,0,0,0,0,1,0,1,,,
11413,2,Delhi Capitals,Sunrisers Hyderabad,10,1,SS Iyer,P Shaw,Basil Thampi,0,0,0,0,0,0,1,0,1,,,
11413,2,Delhi Capitals,Sunrisers Hyderabad,10,2,P Shaw,SS Iyer,Basil Thampi,0,0,0,0,0,0,1,0,1,,,
11413,2,Delhi Capitals,Sunrisers Hyderabad,10,3,SS Iyer,P Shaw,Basil Thampi,0,0,0,0,0,0,0,0,0,,,
11413,2,Delhi Capitals,Sunrisers Hyderabad,10,4,SS Iyer,P Shaw,Basil Thampi,0,0,0,0,0,0,1,0,1,,,
11413,2,Delhi Capitals,Sunrisers Hyderabad,10,5,P Shaw,SS Iyer,Basil Thampi,0,0,0,0,0,0,2,0,2,,,
11413,2,Delhi Capitals,Sunrisers Hyderabad,10,6,P Shaw,SS Iyer,Basil Thampi,0,0,1,0,0,0,1,1,2,,,
11413,2,Delhi Capitals,Sunrisers Hyderabad,11,1,P Shaw,SS Iyer,K Ahmed,0,0,0,0,0,0,1,0,1,,,
11413,2,Delhi Capitals,Sunrisers Hyderabad,11,2,SS Iyer,P Shaw,K Ahmed,0,0,0,0,0,0,0,0,0,SS Iyer,caught,WP Saha
11413,2,Delhi Capitals,Sunrisers Hyderabad,11,3,RR Pant,P Shaw,K Ahmed,0,0,0,0,0,0,1,0,1,,,
11413,2,Delhi Capitals,Sunrisers Hyderabad,11,4,P Shaw,RR Pant,K Ahmed,0,0,0,0,0,0,1,0,1,,,
11413,2,Delhi Capitals,Sunrisers Hyderabad,11,5,RR Pant,P Shaw,K Ahmed,0,0,0,0,0,0,1,0,1,,,
11413,2,Delhi Capitals,Sunrisers Hyderabad,11,6,P Shaw,RR Pant,K Ahmed,0,0,0,0,0,0,0,0,0,P Shaw,caught,V Shankar
11413,2,Delhi Capitals,Sunrisers Hyderabad,12,1,RR Pant,C Munro,Mohammad Nabi,0,0,0,0,0,0,0,0,0,,,
11413,2,Delhi Capitals,Sunrisers Hyderabad,12,2,RR Pant,C Munro,Mohammad Nabi,0,0,0,0,0,0,1,0,1,,,
11413,2,Delhi Capitals,Sunrisers Hyderabad,12,3,C Munro,RR Pant,Mohammad Nabi,0,0,0,0,0,0,1,0,1,,,
11413,2,Delhi Capitals,Sunrisers Hyderabad,12,4,RR Pant,C Munro,Mohammad Nabi,0,0,0,0,0,0,6,0,6,,,
11413,2,Delhi Capitals,Sunrisers Hyderabad,12,5,RR Pant,C Munro,Mohammad Nabi,0,0,0,0,0,0,1,0,1,,,
11413,2,Delhi Capitals,Sunrisers Hyderabad,12,6,C Munro,RR Pant,Mohammad Nabi,0,0,0,0,0,0,1,0,1,,,
11413,2,Delhi Capitals,Sunrisers Hyderabad,13,1,C Munro,RR Pant,Rashid Khan,0,0,0,0,0,0,0,0,0,,,
11413,2,Delhi Capitals,Sunrisers Hyderabad,13,2,C Munro,RR Pant,Rashid Khan,0,0,0,0,0,0,0,0,0,,,
11413,2,Delhi Capitals,Sunrisers Hyderabad,13,3,C Munro,RR Pant,Rashid Khan,0,0,0,0,0,0,0,0,0,,,
11413,2,Delhi Capitals,Sunrisers Hyderabad,13,4,C Munro,RR Pant,Rashid Khan,0,0,0,0,0,0,1,0,1,,,
11413,2,Delhi Capitals,Sunrisers Hyderabad,13,5,RR Pant,C Munro,Rashid Khan,0,0,0,0,0,0,1,0,1,,,
11413,2,Delhi Capitals,Sunrisers Hyderabad,13,6,C Munro,RR Pant,Rashid Khan,0,0,0,0,0,0,0,0,0,,,
11413,2,Delhi Capitals,Sunrisers Hyderabad,14,1,RR Pant,C Munro,Basil Thampi,0,0,0,0,0,0,1,0,1,,,
11413,2,Delhi Capitals,Sunrisers Hyderabad,14,2,C Munro,RR Pant,Basil Thampi,0,0,0,0,0,0,4,0,4,,,
11413,2,Delhi Capitals,Sunrisers Hyderabad,14,3,C Munro,RR Pant,Basil Thampi,0,0,0,0,0,0,0,0,0,,,
11413,2,Delhi Capitals,Sunrisers Hyderabad,14,4,C Munro,RR Pant,Basil Thampi,0,0,0,0,0,0,0,0,0,,,
11413,2,Delhi Capitals,Sunrisers Hyderabad,14,5,C Munro,RR Pant,Basil Thampi,0,0,0,0,0,0,6,0,6,,,
11413,2,Delhi Capitals,Sunrisers Hyderabad,14,6,C Munro,RR Pant,Basil Thampi,0,0,0,0,0,0,1,0,1,,,
11413,2,Delhi Capitals,Sunrisers Hyderabad,15,1,C Munro,RR Pant,Rashid Khan,0,0,0,0,0,0,0,0,0,C Munro,lbw,
11413,2,Delhi Capitals,Sunrisers Hyderabad,15,2,AR Patel,RR Pant,Rashid Khan,0,0,0,0,0,0,0,0,0,,,
11413,2,Delhi Capitals,Sunrisers Hyderabad,15,3,AR Patel,RR Pant,Rashid Khan,0,0,0,0,0,0,0,0,0,,,
11413,2,Delhi Capitals,Sunrisers Hyderabad,15,4,AR Patel,RR Pant,Rashid Khan,0,0,0,0,0,0,0,0,0,AR Patel,caught,WP Saha
11413,2,Delhi Capitals,Sunrisers Hyderabad,15,5,S Rutherford,RR Pant,Rashid Khan,0,0,0,0,0,0,0,0,0,,,
11413,2,Delhi Capitals,Sunrisers Hyderabad,15,6,S Rutherford,RR Pant,Rashid Khan,0,0,0,0,0,0,0,0,0,,,
11413,2,Delhi Capitals,Sunrisers Hyderabad,16,1,RR Pant,S Rutherford,Mohammad Nabi,0,0,0,0,0,0,1,0,1,,,
11413,2,Delhi Capitals,Sunrisers Hyderabad,16,2,S Rutherford,RR Pant,Mohammad Nabi,0,0,0,0,0,0,0,0,0,,,
11413,2,Delhi Capitals,Sunrisers Hyderabad,16,3,S Rutherford,RR Pant,Mohammad Nabi,0,0,0,0,0,0,0,0,0,,,
11413,2,Delhi Capitals,Sunrisers Hyderabad,16,4,S Rutherford,RR Pant,Mohammad Nabi,0,0,0,0,0,0,1,0,1,,,
11413,2,Delhi Capitals,Sunrisers Hyderabad,16,5,RR Pant,S Rutherford,Mohammad Nabi,0,0,0,0,0,0,6,0,6,,,
11413,2,Delhi Capitals,Sunrisers Hyderabad,16,6,RR Pant,S Rutherford,Mohammad Nabi,0,0,0,0,0,0,2,0,2,,,
11413,2,Delhi Capitals,Sunrisers Hyderabad,17,1,S Rutherford,RR Pant,B Kumar,0,0,0,0,0,0,0,0,0,,,
11413,2,Delhi Capitals,Sunrisers Hyderabad,17,2,S Rutherford,RR Pant,B Kumar,0,0,0,0,0,0,0,0,0,,,
11413,2,Delhi Capitals,Sunrisers Hyderabad,17,3,S Rutherford,RR Pant,B Kumar,0,0,0,0,0,0,1,0,1,,,
11413,2,Delhi Capitals,Sunrisers Hyderabad,17,4,RR Pant,S Rutherford,B Kumar,0,0,0,0,0,0,1,0,1,,,
11413,2,Delhi Capitals,Sunrisers Hyderabad,17,5,S Rutherford,RR Pant,B Kumar,0,0,0,0,0,0,6,0,6,,,
11413,2,Delhi Capitals,Sunrisers Hyderabad,17,6,S Rutherford,RR Pant,B Kumar,0,0,0,0,0,0,0,0,0,,,
11413,2,Delhi Capitals,Sunrisers Hyderabad,18,1,RR Pant,S Rutherford,Basil Thampi,0,0,0,0,0,0,4,0,4,,,
11413,2,Delhi Capitals,Sunrisers Hyderabad,18,2,RR Pant,S Rutherford,Basil Thampi,0,0,0,0,0,0,6,0,6,,,
11413,2,Delhi Capitals,Sunrisers Hyderabad,18,3,RR Pant,S Rutherford,Basil Thampi,0,0,0,0,0,0,4,0,4,,,
11413,2,Delhi Capitals,Sunrisers Hyderabad,18,4,RR Pant,S Rutherford,Basil Thampi,0,0,0,0,0,0,6,0,6,,,
11413,2,Delhi Capitals,Sunrisers Hyderabad,18,5,RR Pant,S Rutherford,Basil Thampi,0,0,0,0,0,0,1,0,1,,,
11413,2,Delhi Capitals,Sunrisers Hyderabad,18,6,S Rutherford,RR Pant,Basil Thampi,0,0,0,0,0,0,1,0,1,,,
11413,2,Delhi Capitals,Sunrisers Hyderabad,19,1,S Rutherford,RR Pant,B Kumar,0,0,0,0,0,0,0,0,0,S Rutherford,caught,Mohammad Nabi
11413,2,Delhi Capitals,Sunrisers Hyderabad,19,2,RR Pant,K Paul,B Kumar,0,0,0,0,0,0,0,0,0,,,
11413,2,Delhi Capitals,Sunrisers Hyderabad,19,3,RR Pant,K Paul,B Kumar,0,0,0,0,0,0,6,0,6,,,
11413,2,Delhi Capitals,Sunrisers Hyderabad,19,4,RR Pant,K Paul,B Kumar,0,1,0,0,0,0,1,1,2,,,
11413,2,Delhi Capitals,Sunrisers Hyderabad,19,5,RR Pant,K Paul,B Kumar,0,0,0,0,0,0,0,0,0,,,
11413,2,Delhi Capitals,Sunrisers Hyderabad,19,6,RR Pant,K Paul,B Kumar,0,0,0,0,0,0,0,0,0,RR Pant,caught,Mohammad Nabi
11413,2,Delhi Capitals,Sunrisers Hyderabad,19,7,K Paul,A Mishra,B Kumar,0,0,0,0,0,0,0,0,0,,,
11413,2,Delhi Capitals,Sunrisers Hyderabad,20,1,A Mishra,K Paul,K Ahmed,0,1,0,0,0,0,1,1,2,,,
11413,2,Delhi Capitals,Sunrisers Hyderabad,20,2,A Mishra,K Paul,K Ahmed,0,0,0,0,0,0,1,0,1,,,
11413,2,Delhi Capitals,Sunrisers Hyderabad,20,3,K Paul,A Mishra,K Ahmed,0,0,0,0,0,0,0,0,0,,,
11413,2,Delhi Capitals,Sunrisers Hyderabad,20,4,K Paul,A Mishra,K Ahmed,0,0,0,0,0,0,1,0,1,,,
11413,2,Delhi Capitals,Sunrisers Hyderabad,20,5,A Mishra,K Paul,K Ahmed,0,0,0,0,0,0,0,0,0,A Mishra,obstructing the field,
11413,2,Delhi Capitals,Sunrisers Hyderabad,20,6,K Paul,TA Boult,K Ahmed,0,0,0,0,0,0,4,0,4,,,
11414,1,Delhi Capitals,Chennai Super Kings,1,1,P Shaw,S Dhawan,DL Chahar,0,1,0,0,0,0,1,1,2,,,
11414,1,Delhi Capitals,Chennai Super Kings,1,2,P Shaw,S Dhawan,DL Chahar,0,0,0,0,0,0,0,0,0,,,
11414,1,Delhi Capitals,Chennai Super Kings,1,3,P Shaw,S Dhawan,DL Chahar,0,0,0,0,0,0,0,0,0,,,
11414,1,Delhi Capitals,Chennai Super Kings,1,4,P Shaw,S Dhawan,DL Chahar,0,0,0,0,0,0,0,0,0,,,
11414,1,Delhi Capitals,Chennai Super Kings,1,5,P Shaw,S Dhawan,DL Chahar,0,0,0,0,0,0,1,0,1,,,
11414,1,Delhi Capitals,Chennai Super Kings,1,6,S Dhawan,P Shaw,DL Chahar,0,0,0,0,0,0,1,0,1,,,
11414,1,Delhi Capitals,Chennai Super Kings,1,7,P Shaw,S Dhawan,DL Chahar,0,0,0,0,0,0,4,0,4,,,
11414,1,Delhi Capitals,Chennai Super Kings,2,1,S Dhawan,P Shaw,SN Thakur,0,0,0,0,0,0,0,0,0,,,
11414,1,Delhi Capitals,Chennai Super Kings,2,2,S Dhawan,P Shaw,SN Thakur,0,0,0,0,0,0,0,0,0,,,
11414,1,Delhi Capitals,Chennai Super Kings,2,3,S Dhawan,P Shaw,SN Thakur,0,0,0,0,0,0,4,0,4,,,
11414,1,Delhi Capitals,Chennai Super Kings,2,4,S Dhawan,P Shaw,SN Thakur,0,0,0,0,0,0,4,0,4,,,
11414,1,Delhi Capitals,Chennai Super Kings,2,5,S Dhawan,P Shaw,SN Thakur,0,0,0,0,0,0,4,0,4,,,
11414,1,Delhi Capitals,Chennai Super Kings,2,6,S Dhawan,P Shaw,SN Thakur,0,0,0,0,0,0,1,0,1,,,
11414,1,Delhi Capitals,Chennai Super Kings,3,1,S Dhawan,P Shaw,DL Chahar,0,0,0,0,0,0,0,0,0,,,
11414,1,Delhi Capitals,Chennai Super Kings,3,2,S Dhawan,P Shaw,DL Chahar,0,0,0,0,0,0,1,0,1,,,
11414,1,Delhi Capitals,Chennai Super Kings,3,3,P Shaw,S Dhawan,DL Chahar,0,0,0,0,0,0,0,0,0,P Shaw,lbw,
11414,1,Delhi Capitals,Chennai Super Kings,3,4,C Munro,S Dhawan,DL Chahar,0,0,0,0,0,0,0,0,0,,,
11414,1,Delhi Capitals,Chennai Super Kings,3,5,C Munro,S Dhawan,DL Chahar,0,0,0,0,0,0,4,0,4,,,
11414,1,Delhi Capitals,Chennai Super Kings,3,6,C Munro,S Dhawan,DL Chahar,0,0,0,0,0,0,0,0,0,,,
11414,1,Delhi Capitals,Chennai Super Kings,4,1,S Dhawan,C Munro,Harbhajan Singh,0,0,0,0,0,0,1,0,1,,,
11414,1,Delhi Capitals,Chennai Super Kings,4,2,C Munro,S Dhawan,Harbhajan Singh,0,0,0,0,0,0,0,0,0,,,
11414,1,Delhi Capitals,Chennai Super Kings,4,3,C Munro,S Dhawan,Harbhajan Singh,0,0,0,0,0,0,4,0,4,,,
11414,1,Delhi Capitals,Chennai Super Kings,4,4,C Munro,S Dhawan,Harbhajan Singh,0,0,0,0,0,0,0,0,0,,,
11414,1,Delhi Capitals,Chennai Super Kings,4,5,C Munro,S Dhawan,Harbhajan Singh,0,0,0,0,0,0,2,0,2,,,
11414,1,Delhi Capitals,Chennai Super Kings,4,6,C Munro,S Dhawan,Harbhajan Singh,0,0,0,0,0,0,0,0,0,,,
11414,1,Delhi Capitals,Chennai Super Kings,5,1,S Dhawan,C Munro,DL Chahar,0,0,0,0,0,0,1,0,1,,,
11414,1,Delhi Capitals,Chennai Super Kings,5,2,C Munro,S Dhawan,DL Chahar,0,0,0,0,0,0,1,0,1,,,
11414,1,Delhi Capitals,Chennai Super Kings,5,3,S Dhawan,C Munro,DL Chahar,0,0,0,0,0,0,0,0,0,,,
11414,1,Delhi Capitals,Chennai Super Kings,5,4,S Dhawan,C Munro,DL Chahar,0,0,0,0,0,0,1,0,1,,,
11414,1,Delhi Capitals,Chennai Super Kings,5,5,C Munro,S Dhawan,DL Chahar,0,0,0,0,0,0,0,0,0,,,
11414,1,Delhi Capitals,Chennai Super Kings,5,6,C Munro,S Dhawan,DL Chahar,0,0,0,0,0,0,1,0,1,,,
11414,1,Delhi Capitals,Chennai Super Kings,6,1,C Munro,S Dhawan,Harbhajan Singh,0,0,0,0,0,0,1,0,1,,,
11414,1,Delhi Capitals,Chennai Super Kings,6,2,S Dhawan,C Munro,Harbhajan Singh,0,0,0,0,0,0,0,0,0,S Dhawan,caught,MS Dhoni
11414,1,Delhi Capitals,Chennai Super Kings,6,3,SS Iyer,C Munro,Harbhajan Singh,0,0,0,0,0,0,1,0,1,,,
11414,1,Delhi Capitals,Chennai Super Kings,6,4,C Munro,SS Iyer,Harbhajan Singh,0,0,0,0,0,0,1,0,1,,,
11414,1,Delhi Capitals,Chennai Super Kings,6,5,SS Iyer,C Munro,Harbhajan Singh,0,0,0,0,0,0,1,0,1,,,
11414,1,Delhi Capitals,Chennai Super Kings,6,6,C Munro,SS Iyer,Harbhajan Singh,0,0,0,0,0,0,1,0,1,,,
11414,1,Delhi Capitals,Chennai Super Kings,7,1,C Munro,SS Iyer,RA Jadeja,0,0,0,0,0,0,1,0,1,,,
11414,1,Delhi Capitals,Chennai Super Kings,7,2,SS Iyer,C Munro,RA Jadeja,0,0,0,0,0,0,0,0,0,,,
11414,1,Delhi Capitals,Chennai Super Kings,7,3,SS Iyer,C Munro,RA Jadeja,0,0,0,0,0,0,1,0,1,,,
11414,1,Delhi Capitals,Chennai Super Kings,7,4,C Munro,SS Iyer,RA Jadeja,0,0,0,0,0,0,0,0,0,,,
11414,1,Delhi Capitals,Chennai Super Kings,7,5,C Munro,SS Iyer,RA Jadeja,0,0,0,0,0,0,1,0,1,,,
11414,1,Delhi Capitals,Chennai Super Kings,7,6,SS Iyer,C Munro,RA Jadeja,0,0,0,0,0,0,0,0,0,,,
11414,1,Delhi Capitals,Chennai Super Kings,8,1,C Munro,SS Iyer,Harbhajan Singh,0,0,0,0,0,0,1,0,1,,,
11414,1,Delhi Capitals,Chennai Super Kings,8,2,SS Iyer,C Munro,Harbhajan Singh,0,0,0,0,0,0,1,0,1,,,
11414,1,Delhi Capitals,Chennai Super Kings,8,3,C Munro,SS Iyer,Harbhajan Singh,0,0,0,0,0,0,0,0,0,,,
11414,1,Delhi Capitals,Chennai Super Kings,8,4,C Munro,SS Iyer,Harbhajan Singh,0,0,0,0,0,0,4,0,4,,,
11414,1,Delhi Capitals,Chennai Super Kings,8,5,C Munro,SS Iyer,Harbhajan Singh,0,0,0,0,0,0,4,0,4,,,
11414,1,Delhi Capitals,Chennai Super Kings,8,6,C Munro,SS Iyer,Harbhajan Singh,0,0,0,0,0,0,0,0,0,,,
11414,1,Delhi Capitals,Chennai Super Kings,9,1,SS Iyer,C Munro,RA Jadeja,0,0,0,0,0,0,0,0,0,,,
11414,1,Delhi Capitals,Chennai Super Kings,9,2,SS Iyer,C Munro,RA Jadeja,0,0,0,1,0,0,1,1,2,,,
11414,1,Delhi Capitals,Chennai Super Kings,9,3,C Munro,SS Iyer,RA Jadeja,0,0,0,0,0,0,1,0,1,,,
11414,1,Delhi Capitals,Chennai Super Kings,9,4,SS Iyer,C Munro,RA Jadeja,0,0,0,0,0,0,1,0,1,,,
11414,1,Delhi Capitals,Chennai Super Kings,9,5,C Munro,SS Iyer,RA Jadeja,0,0,0,0,0,0,0,0,0,C Munro,caught,DJ Bravo
11414,1,Delhi Capitals,Chennai Super Kings,9,6,RR Pant,SS Iyer,RA Jadeja,0,0,0,0,0,0,2,0,2,,,
11414,1,Delhi Capitals,Chennai Super Kings,10,1,SS Iyer,RR Pant,Imran Tahir,0,0,0,0,0,0,1,0,1,,,
11414,1,Delhi Capitals,Chennai Super Kings,10,2,RR Pant,SS Iyer,Imran Tahir,0,0,0,0,0,0,1,0,1,,,
11414,1,Delhi Capitals,Chennai Super Kings,10,3,SS Iyer,RR Pant,Imran Tahir,0,0,0,0,0,0,1,0,1,,,
11414,1,Delhi Capitals,Chennai Super Kings,10,4,RR Pant,SS Iyer,Imran Tahir,0,0,0,0,0,0,4,0,4,,,
11414,1,Delhi Capitals,Chennai Super Kings,10,5,RR Pant,SS Iyer,Imran Tahir,0,0,0,0,0,0,1,0,1,,,
11414,1,Delhi Capitals,Chennai Super Kings,10,6,SS Iyer,RR Pant,Imran Tahir,0,0,0,0,0,0,1,0,1,,,
11414,1,Delhi Capitals,Chennai Super Kings,11,1,SS Iyer,RR Pant,DJ Bravo,0,0,0,0,0,0,0,0,0,,,
11414,1,Delhi Capitals,Chennai Super Kings,11,2,SS Iyer,RR Pant,DJ Bravo,0,0,0,0,0,0,0,0,0,,,
11414,1,Delhi Capitals,Chennai Super Kings,11,3,SS Iyer,RR Pant,DJ Bravo,0,0,0,0,0,0,4,0,4,,,
11414,1,Delhi Capitals,Chennai Super Kings,11,4,SS Iyer,RR Pant,DJ Bravo,0,0,0,0,0,0,1,0,1,,,
11414,1,Delhi Capitals,Chennai Super Kings,11,5,RR Pant,SS Iyer,DJ Bravo,0,0,0,0,0,0,1,0,1,,,
11414,1,Delhi Capitals,Chennai Super Kings,11,6,SS Iyer,RR Pant,DJ Bravo,0,0,0,0,0,0,0,0,0,,,
11414,1,Delhi Capitals,Chennai Super Kings,12,1,RR Pant,SS Iyer,Imran Tahir,0,0,0,0,0,0,0,0,0,,,
11414,1,Delhi Capitals,Chennai Super Kings,12,2,RR Pant,SS Iyer,Imran Tahir,0,0,0,0,0,0,1,0,1,,,
11414,1,Delhi Capitals,Chennai Super Kings,12,3,SS Iyer,RR Pant,Imran Tahir,0,0,0,0,0,0,0,0,0,SS Iyer,caught,SK Raina
11414,1,Delhi Capitals,Chennai Super Kings,12,4,AR Patel,RR Pant,Imran Tahir,0,0,0,0,0,0,1,0,1,,,
11414,1,Delhi Capitals,Chennai Super Kings,12,5,RR Pant,AR Patel,Imran Tahir,0,0,0,0,0,0,1,0,1,,,
11414,1,Delhi Capitals,Chennai Super Kings,12,6,AR Patel,RR Pant,Imran Tahir,0,0,0,0,0,0,1,0,1,,,
11414,1,Delhi Capitals,Chennai Super Kings,13,1,AR Patel,RR Pant,DJ Bravo,0,0,0,0,0,0,0,0,0,,,
11414,1,Delhi Capitals,Chennai Super Kings,13,2,AR Patel,RR Pant,DJ Bravo,0,0,0,0,0,0,0,0,0,,,
11414,1,Delhi Capitals,Chennai Super Kings,13,3,AR Patel,RR Pant,DJ Bravo,0,0,0,0,0,0,1,0,1,,,
11414,1,Delhi Capitals,Chennai Super Kings,13,4,RR Pant,AR Patel,DJ Bravo,0,0,0,0,0,0,1,0,1,,,
11414,1,Delhi Capitals,Chennai Super Kings,13,5,AR Patel,RR Pant,DJ Bravo,0,0,0,0,0,0,0,0,0,AR Patel,caught,Imran Tahir
11414,1,Delhi Capitals,Chennai Super Kings,13,6,S Rutherford,RR Pant,DJ Bravo,0,0,0,0,0,0,0,0,0,,,
11414,1,Delhi Capitals,Chennai Super Kings,14,1,RR Pant,S Rutherford,Imran Tahir,0,0,0,0,0,0,1,0,1,,,
11414,1,Delhi Capitals,Chennai Super Kings,14,2,S Rutherford,RR Pant,Imran Tahir,0,0,0,4,0,0,4,4,8,,,
11414,1,Delhi Capitals,Chennai Super Kings,14,3,S Rutherford,RR Pant,Imran Tahir,0,0,0,0,0,0,0,0,0,,,
11414,1,Delhi Capitals,Chennai Super Kings,14,4,S Rutherford,RR Pant,Imran Tahir,0,0,0,0,0,0,0,0,0,,,
11414,1,Delhi Capitals,Chennai Super Kings,14,5,S Rutherford,RR Pant,Imran Tahir,0,0,0,0,0,0,0,0,0,,,
11414,1,Delhi Capitals,Chennai Super Kings,14,6,S Rutherford,RR Pant,Imran Tahir,0,0,0,0,0,0,0,0,0,,,
11414,1,Delhi Capitals,Chennai Super Kings,15,1,RR Pant,S Rutherford,DJ Bravo,0,0,0,0,0,0,1,0,1,,,
11414,1,Delhi Capitals,Chennai Super Kings,15,2,S Rutherford,RR Pant,DJ Bravo,0,0,0,0,0,0,1,0,1,,,
11414,1,Delhi Capitals,Chennai Super Kings,15,3,RR Pant,S Rutherford,DJ Bravo,0,0,0,0,1,0,2,1,3,,,
11414,1,Delhi Capitals,Chennai Super Kings,15,4,S Rutherford,RR Pant,DJ Bravo,0,0,0,0,0,0,1,0,1,,,
11414,1,Delhi Capitals,Chennai Super Kings,15,5,RR Pant,S Rutherford,DJ Bravo,0,0,0,0,0,0,1,0,1,,,
11414,1,Delhi Capitals,Chennai Super Kings,15,6,S Rutherford,RR Pant,DJ Bravo,0,0,0,0,0,0,1,0,1,,,
11414,1,Delhi Capitals,Chennai Super Kings,15,7,RR Pant,S Rutherford,DJ Bravo,0,0,0,0,0,0,1,0,1,,,
11414,1,Delhi Capitals,Chennai Super Kings,16,1,RR Pant,S Rutherford,Harbhajan Singh,0,0,0,0,0,0,1,0,1,,,
11414,1,Delhi Capitals,Chennai Super Kings,16,2,S Rutherford,RR Pant,Harbhajan Singh,0,0,0,0,0,0,6,0,6,,,
11414,1,Delhi Capitals,Chennai Super Kings,16,3,S Rutherford,RR Pant,Harbhajan Singh,0,0,0,0,0,0,1,0,1,,,
11414,1,Delhi Capitals,Chennai Super Kings,16,4,RR Pant,S Rutherford,Harbhajan Singh,0,0,0,0,0,0,1,0,1,,,
11414,1,Delhi Capitals,Chennai Super Kings,16,5,S Rutherford,RR Pant,Harbhajan Singh,0,0,0,0,0,0,0,0,0,S Rutherford,caught,SR Watson
11414,1,Delhi Capitals,Chennai Super Kings,16,6,K Paul,RR Pant,Harbhajan Singh,0,0,0,0,0,0,0,0,0,,,
11414,1,Delhi Capitals,Chennai Super Kings,17,1,RR Pant,K Paul,Imran Tahir,0,0,0,0,0,0,1,0,1,,,
11414,1,Delhi Capitals,Chennai Super Kings,17,2,K Paul,RR Pant,Imran Tahir,0,0,0,0,0,0,1,0,1,,,
11414,1,Delhi Capitals,Chennai Super Kings,17,3,RR Pant,K Paul,Imran Tahir,0,0,0,0,0,0,4,0,4,,,
11414,1,Delhi Capitals,Chennai Super Kings,17,4,RR Pant,K Paul,Imran Tahir,0,0,0,0,0,0,6,0,6,,,
11414,1,Delhi Capitals,Chennai Super Kings,17,5,RR Pant,K Paul,Imran Tahir,0,0,0,0,0,0,1,0,1,,,
11414,1,Delhi Capitals,Chennai Super Kings,17,6,K Paul,RR Pant,Imran Tahir,0,0,0,0,0,0,1,0,1,,,
11414,1,Delhi Capitals,Chennai Super Kings,18,1,K Paul,RR Pant,DJ Bravo,0,1,0,0,0,0,1,1,2,,,
11414,1,Delhi Capitals,Chennai Super Kings,18,2,K Paul,RR Pant,DJ Bravo,0,0,0,0,0,0,0,0,0,,,
11414,1,Delhi Capitals,Chennai Super Kings,18,3,K Paul,RR Pant,DJ Bravo,0,0,0,0,0,0,0,0,0,,,
11414,1,Delhi Capitals,Chennai Super Kings,18,4,K Paul,RR Pant,DJ Bravo,0,0,0,0,0,0,1,0,1,,,
11414,1,Delhi Capitals,Chennai Super Kings,18,5,RR Pant,K Paul,DJ Bravo,0,0,0,0,0,0,1,0,1,,,
11414,1,Delhi Capitals,Chennai Super Kings,18,6,K Paul,RR Pant,DJ Bravo,0,0,0,0,0,0,0,0,0,K Paul,bowled,
11414,1,Delhi Capitals,Chennai Super Kings,18,7,A Mishra,RR Pant,DJ Bravo,0,0,0,0,0,0,0,0,0,,,
11414,1,Delhi Capitals,Chennai Super Kings,19,1,RR Pant,A Mishra,DL Chahar,0,0,0,0,0,0,2,0,2,,,
11414,1,Delhi Capitals,Chennai Super Kings,19,2,RR Pant,A Mishra,DL Chahar,0,0,0,0,0,0,2,0,2,,,
11414,1,Delhi Capitals,Chennai Super Kings,19,3,RR Pant,A Mishra,DL Chahar,0,0,0,0,0,0,2,0,2,,,
11414,1,Delhi Capitals,Chennai Super Kings,19,4,RR Pant,A Mishra,DL Chahar,0,0,0,0,0,0,0,0,0,RR Pant,caught,DJ Bravo
11414,1,Delhi Capitals,Chennai Super Kings,19,5,A Mishra,TA Boult,DL Chahar,0,0,0,0,0,0,2,0,2,,,
11414,1,Delhi Capitals,Chennai Super Kings,19,6,A Mishra,TA Boult,DL Chahar,0,0,0,0,0,0,4,0,4,,,
11414,1,Delhi Capitals,Chennai Super Kings,20,1,TA Boult,A Mishra,RA Jadeja,0,0,0,0,0,0,0,0,0,,,
11414,1,Delhi Capitals,Chennai Super Kings,20,2,TA Boult,A Mishra,RA Jadeja,0,0,0,0,0,0,6,0,6,,,
11414,1,Delhi Capitals,Chennai Super Kings,20,3,TA Boult,A Mishra,RA Jadeja,0,0,0,0,0,0,0,0,0,TA Boult,bowled,
11414,1,Delhi Capitals,Chennai Super Kings,20,4,I Sharma,A Mishra,RA Jadeja,0,0,0,0,0,0,0,0,0,,,
11414,1,Delhi Capitals,Chennai Super Kings,20,5,I Sharma,A Mishra,RA Jadeja,0,0,0,0,0,0,4,0,4,,,
11414,1,Delhi Capitals,Chennai Super Kings,20,6,I Sharma,A Mishra,RA Jadeja,0,0,0,0,0,0,6,0,6,,,
11414,2,Chennai Super Kings,Delhi Capitals,1,1,F du Plessis,SR Watson,TA Boult,0,0,0,0,0,0,0,0,0,,,
11414,2,Chennai Super Kings,Delhi Capitals,1,2,F du Plessis,SR Watson,TA Boult,0,0,0,0,0,0,0,0,0,,,
11414,2,Chennai Super Kings,Delhi Capitals,1,3,F du Plessis,SR Watson,TA Boult,0,0,0,0,0,0,1,0,1,,,
11414,2,Chennai Super Kings,Delhi Capitals,1,4,SR Watson,F du Plessis,TA Boult,0,0,0,0,0,0,0,0,0,,,
11414,2,Chennai Super Kings,Delhi Capitals,1,5,SR Watson,F du Plessis,TA Boult,0,0,0,0,0,0,0,0,0,,,
11414,2,Chennai Super Kings,Delhi Capitals,1,6,SR Watson,F du Plessis,TA Boult,0,0,0,0,0,0,0,0,0,,,
11414,2,Chennai Super Kings,Delhi Capitals,2,1,F du Plessis,SR Watson,I Sharma,0,0,0,0,0,0,0,0,0,,,
11414,2,Chennai Super Kings,Delhi Capitals,2,2,F du Plessis,SR Watson,I Sharma,0,0,0,0,0,0,0,0,0,,,
11414,2,Chennai Super Kings,Delhi Capitals,2,3,F du Plessis,SR Watson,I Sharma,0,0,0,0,0,0,0,0,0,,,
11414,2,Chennai Super Kings,Delhi Capitals,2,4,F du Plessis,SR Watson,I Sharma,0,0,0,0,0,0,1,0,1,,,
11414,2,Chennai Super Kings,Delhi Capitals,2,5,SR Watson,F du Plessis,I Sharma,0,0,0,0,0,0,1,0,1,,,
11414,2,Chennai Super Kings,Delhi Capitals,2,6,F du Plessis,SR Watson,I Sharma,0,0,0,0,0,0,1,0,1,,,
11414,2,Chennai Super Kings,Delhi Capitals,3,1,F du Plessis,SR Watson,TA Boult,0,0,0,0,0,0,1,0,1,,,
11414,2,Chennai Super Kings,Delhi Capitals,3,2,SR Watson,F du Plessis,TA Boult,0,0,0,0,0,0,1,0,1,,,
11414,2,Chennai Super Kings,Delhi Capitals,3,3,F du Plessis,SR Watson,TA Boult,0,0,0,0,0,0,4,0,4,,,
11414,2,Chennai Super Kings,Delhi Capitals,3,4,F du Plessis,SR Watson,TA Boult,0,0,0,0,0,0,1,0,1,,,
11414,2,Chennai Super Kings,Delhi Capitals,3,5,SR Watson,F du Plessis,TA Boult,0,0,0,0,0,0,1,0,1,,,
11414,2,Chennai Super Kings,Delhi Capitals,3,6,F du Plessis,SR Watson,TA Boult,0,0,0,0,0,0,1,0,1,,,
11414,2,Chennai Super Kings,Delhi Capitals,4,1,F du Plessis,SR Watson,I Sharma,0,0,0,0,0,0,0,0,0,,,
11414,2,Chennai Super Kings,Delhi Capitals,4,2,F du Plessis,SR Watson,I Sharma,0,0,0,0,0,0,0,0,0,,,
11414,2,Chennai Super Kings,Delhi Capitals,4,3,F du Plessis,SR Watson,I Sharma,0,0,0,0,0,0,1,0,1,,,
11414,2,Chennai Super Kings,Delhi Capitals,4,4,SR Watson,F du Plessis,I Sharma,0,0,0,0,0,0,0,0,0,,,
11414,2,Chennai Super Kings,Delhi Capitals,4,5,SR Watson,F du Plessis,I Sharma,0,0,0,0,0,0,1,0,1,,,
11414,2,Chennai Super Kings,Delhi Capitals,4,6,F du Plessis,SR Watson,I Sharma,0,0,0,0,0,0,1,0,1,,,
11414,2,Chennai Super Kings,Delhi Capitals,5,1,F du Plessis,SR Watson,AR Patel,0,0,0,0,0,0,0,0,0,,,
11414,2,Chennai Super Kings,Delhi Capitals,5,2,F du Plessis,SR Watson,AR Patel,0,0,0,0,0,0,4,0,4,,,
11414,2,Chennai Super Kings,Delhi Capitals,5,3,F du Plessis,SR Watson,AR Patel,0,0,0,0,0,0,6,0,6,,,
11414,2,Chennai Super Kings,Delhi Capitals,5,4,F du Plessis,SR Watson,AR Patel,0,0,0,0,0,0,1,0,1,,,
11414,2,Chennai Super Kings,Delhi Capitals,5,5,SR Watson,F du Plessis,AR Patel,0,0,0,0,0,0,0,0,0,,,
11414,2,Chennai Super Kings,Delhi Capitals,5,6,SR Watson,F du Plessis,AR Patel,0,0,0,0,0,0,0,0,0,,,
11414,2,Chennai Super Kings,Delhi Capitals,6,1,F du Plessis,SR Watson,I Sharma,0,0,0,0,0,0,4,0,4,,,
11414,2,Chennai Super Kings,Delhi Capitals,6,2,F du Plessis,SR Watson,I Sharma,0,0,0,0,0,0,4,0,4,,,
11414,2,Chennai Super Kings,Delhi Capitals,6,3,F du Plessis,SR Watson,I Sharma,0,0,0,0,0,0,4,0,4,,,
11414,2,Chennai Super Kings,Delhi Capitals,6,4,F du Plessis,SR Watson,I Sharma,0,0,0,0,0,0,1,0,1,,,
11414,2,Chennai Super Kings,Delhi Capitals,6,5,SR Watson,F du Plessis,I Sharma,0,0,0,0,0,0,1,0,1,,,
11414,2,Chennai Super Kings,Delhi Capitals,6,6,F du Plessis,SR Watson,I Sharma,0,0,0,0,0,0,1,0,1,,,
11414,2,Chennai Super Kings,Delhi Capitals,7,1,F du Plessis,SR Watson,A Mishra,0,0,0,0,0,0,0,0,0,,,
11414,2,Chennai Super Kings,Delhi Capitals,7,2,F du Plessis,SR Watson,A Mishra,0,0,0,0,0,0,0,0,0,,,
11414,2,Chennai Super Kings,Delhi Capitals,7,3,F du Plessis,SR Watson,A Mishra,0,0,0,0,0,0,0,0,0,,,
11414,2,Chennai Super Kings,Delhi Capitals,7,4,F du Plessis,SR Watson,A Mishra,0,0,0,0,0,0,1,0,1,,,
11414,2,Chennai Super Kings,Delhi Capitals,7,5,SR Watson,F du Plessis,A Mishra,0,0,0,0,0,0,1,0,1,,,
11414,2,Chennai Super Kings,Delhi Capitals,7,6,F du Plessis,SR Watson,A Mishra,0,0,0,0,0,0,4,0,4,,,
11414,2,Chennai Super Kings,Delhi Capitals,8,1,SR Watson,F du Plessis,K Paul,0,0,0,0,0,0,0,0,0,,,
11414,2,Chennai Super Kings,Delhi Capitals,8,2,SR Watson,F du Plessis,K Paul,0,5,0,0,0,0,5,5,10,,,
11414,2,Chennai Super Kings,Delhi Capitals,8,3,SR Watson,F du Plessis,K Paul,0,0,0,0,0,0,1,0,1,,,
11414,2,Chennai Super Kings,Delhi Capitals,8,4,F du Plessis,SR Watson,K Paul,0,0,0,0,0,0,1,0,1,,,
11414,2,Chennai Super Kings,Delhi Capitals,8,5,SR Watson,F du Plessis,K Paul,0,0,0,0,0,0,4,0,4,,,
11414,2,Chennai Super Kings,Delhi Capitals,8,6,SR Watson,F du Plessis,K Paul,0,0,0,0,0,0,1,0,1,,,
11414,2,Chennai Super Kings,Delhi Capitals,8,7,F du Plessis,SR Watson,K Paul,0,0,0,0,0,0,4,0,4,,,
11414,2,Chennai Super Kings,Delhi Capitals,9,1,SR Watson,F du Plessis,A Mishra,0,0,0,0,0,0,4,0,4,,,
11414,2,Chennai Super Kings,Delhi Capitals,9,2,SR Watson,F du Plessis,A Mishra,0,0,0,0,0,0,1,0,1,,,
11414,2,Chennai Super Kings,Delhi Capitals,9,3,F du Plessis,SR Watson,A Mishra,0,0,0,0,0,0,1,0,1,,,
11414,2,Chennai Super Kings,Delhi Capitals,9,4,SR Watson,F du Plessis,A Mishra,0,0,0,0,0,0,0,0,0,,,
11414,2,Chennai Super Kings,Delhi Capitals,9,5,SR Watson,F du Plessis,A Mishra,0,0,0,0,0,0,1,0,1,,,
11414,2,Chennai Super Kings,Delhi Capitals,9,6,F du Plessis,SR Watson,A Mishra,0,0,0,0,0,0,1,0,1,,,
11414,2,Chennai Super Kings,Delhi Capitals,10,1,F du Plessis,SR Watson,AR Patel,0,0,0,0,0,0,0,0,0,,,
11414,2,Chennai Super Kings,Delhi Capitals,10,2,F du Plessis,SR Watson,AR Patel,0,0,0,0,0,0,0,0,0,,,
11414,2,Chennai Super Kings,Delhi Capitals,10,3,F du Plessis,SR Watson,AR Patel,0,0,0,0,0,0,1,0,1,,,
11414,2,Chennai Super Kings,Delhi Capitals,10,4,SR Watson,F du Plessis,AR Patel,0,0,0,0,0,0,2,0,2,,,
11414,2,Chennai Super Kings,Delhi Capitals,10,5,SR Watson,F du Plessis,AR Patel,0,0,0,0,0,0,6,0,6,,,
11414,2,Chennai Super Kings,Delhi Capitals,10,6,SR Watson,F du Plessis,AR Patel,0,0,0,0,0,0,0,0,0,,,
11414,2,Chennai Super Kings,Delhi Capitals,11,1,F du Plessis,SR Watson,TA Boult,0,0,0,0,0,0,0,0,0,,,
11414,2,Chennai Super Kings,Delhi Capitals,11,2,F du Plessis,SR Watson,TA Boult,0,0,0,0,0,0,0,0,0,F du Plessis,caught,K Paul
11414,2,Chennai Super Kings,Delhi Capitals,11,3,SK Raina,SR Watson,TA Boult,0,0,0,0,0,0,1,0,1,,,
11414,2,Chennai Super Kings,Delhi Capitals,11,4,SR Watson,SK Raina,TA Boult,0,0,0,0,0,0,0,0,0,,,
11414,2,Chennai Super Kings,Delhi Capitals,11,5,SR Watson,SK Raina,TA Boult,0,0,0,0,0,0,0,0,0,,,
11414,2,Chennai Super Kings,Delhi Capitals,11,6,SR Watson,SK Raina,TA Boult,0,0,0,0,0,0,1,0,1,,,
11414,2,Chennai Super Kings,Delhi Capitals,12,1,SR Watson,SK Raina,K Paul,0,0,0,0,0,0,6,0,6,,,
11414,2,Chennai Super Kings,Delhi Capitals,12,2,SR Watson,SK Raina,K Paul,0,0,0,0,0,0,4,0,4,,,
11414,2,Chennai Super Kings,Delhi Capitals,12,3,SR Watson,SK Raina,K Paul,0,0,0,0,0,0,1,0,1,,,
11414,2,Chennai Super Kings,Delhi Capitals,12,4,SK Raina,SR Watson,K Paul,0,0,0,0,0,0,1,0,1,,,
11414,2,Chennai Super Kings,Delhi Capitals,12,5,SR Watson,SK Raina,K Paul,0,0,0,0,0,0,6,0,6,,,
11414,2,Chennai Super Kings,Delhi Capitals,12,6,SR Watson,SK Raina,K Paul,0,1,0,0,0,0,1,1,2,,,
11414,2,Chennai Super Kings,Delhi Capitals,12,7,SR Watson,SK Raina,K Paul,0,0,0,0,0,0,6,0,6,,,
11414,2,Chennai Super Kings,Delhi Capitals,13,1,SK Raina,SR Watson,A Mishra,0,0,0,0,0,0,1,0,1,,,
11414,2,Chennai Super Kings,Delhi Capitals,13,2,SR Watson,SK Raina,A Mishra,0,0,0,0,0,0,0,0,0,SR Watson,caught,TA Boult
11414,2,Chennai Super Kings,Delhi Capitals,13,3,AT Rayudu,SK Raina,A Mishra,0,0,0,0,0,0,0,0,0,,,
11414,2,Chennai Super Kings,Delhi Capitals,13,4,AT Rayudu,SK Raina,A Mishra,0,0,0,0,0,0,0,0,0,,,
11414,2,Chennai Super Kings,Delhi Capitals,13,5,AT Rayudu,SK Raina,A Mishra,0,0,0,0,0,0,1,0,1,,,
11414,2,Chennai Super Kings,Delhi Capitals,13,6,SK Raina,AT Rayudu,A Mishra,0,0,0,0,0,0,1,0,1,,,
11414,2,Chennai Super Kings,Delhi Capitals,14,1,SK Raina,AT Rayudu,AR Patel,0,0,0,0,0,0,1,0,1,,,
11414,2,Chennai Super Kings,Delhi Capitals,14,2,AT Rayudu,SK Raina,AR Patel,0,0,0,0,0,0,1,0,1,,,
11414,2,Chennai Super Kings,Delhi Capitals,14,3,SK Raina,AT Rayudu,AR Patel,0,0,0,0,0,0,1,0,1,,,
11414,2,Chennai Super Kings,Delhi Capitals,14,4,AT Rayudu,SK Raina,AR Patel,0,0,0,0,0,0,0,0,0,,,
11414,2,Chennai Super Kings,Delhi Capitals,14,5,AT Rayudu,SK Raina,AR Patel,0,0,0,0,0,0,1,0,1,,,
11414,2,Chennai Super Kings,Delhi Capitals,14,6,SK Raina,AT Rayudu,AR Patel,0,0,0,0,0,0,0,0,0,,,
11414,2,Chennai Super Kings,Delhi Capitals,15,1,AT Rayudu,SK Raina,A Mishra,0,0,0,0,0,0,1,0,1,,,
11414,2,Chennai Super Kings,Delhi Capitals,15,2,SK Raina,AT Rayudu,A Mishra,0,0,0,0,0,0,1,0,1,,,
11414,2,Chennai Super Kings,Delhi Capitals,15,3,AT Rayudu,SK Raina,A Mishra,0,0,0,0,0,0,0,0,0,,,
11414,2,Chennai Super Kings,Delhi Capitals,15,4,AT Rayudu,SK Raina,A Mishra,0,0,0,0,0,0,0,0,0,,,
11414,2,Chennai Super Kings,Delhi Capitals,15,5,AT Rayudu,SK Raina,A Mishra,0,0,0,0,0,0,1,0,1,,,
11414,2,Chennai Super Kings,Delhi Capitals,15,6,SK Raina,AT Rayudu,A Mishra,0,0,0,0,0,0,1,0,1,,,
11414,2,Chennai Super Kings,Delhi Capitals,16,1,SK Raina,AT Rayudu,AR Patel,0,0,0,0,0,0,0,0,0,,,
11414,2,Chennai Super Kings,Delhi Capitals,16,2,SK Raina,AT Rayudu,AR Patel,0,0,0,0,0,0,2,0,2,,,
11414,2,Chennai Super Kings,Delhi Capitals,16,3,SK Raina,AT Rayudu,AR Patel,0,0,0,0,0,0,1,0,1,,,
11414,2,Chennai Super Kings,Delhi Capitals,16,4,AT Rayudu,SK Raina,AR Patel,0,0,0,0,0,0,4,0,4,,,
11414,2,Chennai Super Kings,Delhi Capitals,16,5,AT Rayudu,SK Raina,AR Patel,0,0,0,0,0,0,1,0,1,,,
11414,2,Chennai Super Kings,Delhi Capitals,16,6,SK Raina,AT Rayudu,AR Patel,0,0,0,0,0,0,0,0,0,SK Raina,bowled,
11414,2,Chennai Super Kings,Delhi Capitals,17,1,AT Rayudu,MS Dhoni,TA Boult,0,0,0,0,0,0,1,0,1,,,
11414,2,Chennai Super Kings,Delhi Capitals,17,2,MS Dhoni,AT Rayudu,TA Boult,0,0,0,0,0,0,0,0,0,,,
11414,2,Chennai Super Kings,Delhi Capitals,17,3,MS Dhoni,AT Rayudu,TA Boult,0,0,0,0,0,0,4,0,4,,,
11414,2,Chennai Super Kings,Delhi Capitals,17,4,MS Dhoni,AT Rayudu,TA Boult,0,0,0,0,0,0,2,0,2,,,
11414,2,Chennai Super Kings,Delhi Capitals,17,5,MS Dhoni,AT Rayudu,TA Boult,0,0,0,0,0,0,1,0,1,,,
11414,2,Chennai Super Kings,Delhi Capitals,17,6,AT Rayudu,MS Dhoni,TA Boult,0,0,0,0,0,0,0,0,0,,,
11414,2,Chennai Super Kings,Delhi Capitals,18,1,MS Dhoni,AT Rayudu,K Paul,0,0,0,1,0,0,1,1,2,,,
11414,2,Chennai Super Kings,Delhi Capitals,18,2,AT Rayudu,MS Dhoni,K Paul,0,0,0,0,0,0,4,0,4,,,
11414,2,Chennai Super Kings,Delhi Capitals,18,3,AT Rayudu,MS Dhoni,K Paul,0,0,0,0,0,0,0,0,0,,,
11414,2,Chennai Super Kings,Delhi Capitals,18,4,AT Rayudu,MS Dhoni,K Paul,0,0,0,0,0,0,0,0,0,,,
11414,2,Chennai Super Kings,Delhi Capitals,18,5,AT Rayudu,MS Dhoni,K Paul,0,0,0,0,0,0,4,0,4,,,
11414,2,Chennai Super Kings,Delhi Capitals,18,6,AT Rayudu,MS Dhoni,K Paul,0,0,0,0,0,0,0,0,0,,,
11414,2,Chennai Super Kings,Delhi Capitals,19,1,MS Dhoni,AT Rayudu,I Sharma,0,0,0,0,0,0,0,0,0,,,
11414,2,Chennai Super Kings,Delhi Capitals,19,2,MS Dhoni,AT Rayudu,I Sharma,0,0,0,0,0,0,2,0,2,,,
11414,2,Chennai Super Kings,Delhi Capitals,19,3,MS Dhoni,AT Rayudu,I Sharma,0,0,0,0,0,0,0,0,0,,,
11414,2,Chennai Super Kings,Delhi Capitals,19,4,MS Dhoni,AT Rayudu,I Sharma,0,0,0,0,0,0,0,0,0,MS Dhoni,caught,K Paul
11414,2,Chennai Super Kings,Delhi Capitals,19,5,AT Rayudu,DJ Bravo,I Sharma,0,0,0,0,0,0,1,0,1,,,
11414,2,Chennai Super Kings,Delhi Capitals,19,6,DJ Bravo,AT Rayudu,I Sharma,0,0,0,4,0,0,4,4,8,,,
11415,1,Mumbai Indians,Chennai Super Kings,1,1,Q de Kock,RG Sharma,DL Chahar,0,0,0,0,0,0,1,0,1,,,
11415,1,Mumbai Indians,Chennai Super Kings,1,2,RG Sharma,Q de Kock,DL Chahar,0,0,0,0,0,0,1,0,1,,,
11415,1,Mumbai Indians,Chennai Super Kings,1,3,Q de Kock,RG Sharma,DL Chahar,0,0,0,0,0,0,0,0,0,,,
11415,1,Mumbai Indians,Chennai Super Kings,1,4,Q de Kock,RG Sharma,DL Chahar,0,0,0,0,0,0,0,0,0,,,
11415,1,Mumbai Indians,Chennai Super Kings,1,5,Q de Kock,RG Sharma,DL Chahar,0,0,0,0,0,0,0,0,0,,,
11415,1,Mumbai Indians,Chennai Super Kings,1,6,Q de Kock,RG Sharma,DL Chahar,0,0,0,0,0,0,0,0,0,,,
11415,1,Mumbai Indians,Chennai Super Kings,2,1,RG Sharma,Q de Kock,SN Thakur,0,0,0,0,0,0,2,0,2,,,
11415,1,Mumbai Indians,Chennai Super Kings,2,2,RG Sharma,Q de Kock,SN Thakur,0,0,0,0,0,0,0,0,0,,,
11415,1,Mumbai Indians,Chennai Super Kings,2,3,RG Sharma,Q de Kock,SN Thakur,0,0,0,0,0,0,0,0,0,,,
11415,1,Mumbai Indians,Chennai Super Kings,2,4,RG Sharma,Q de Kock,SN Thakur,0,0,0,0,0,0,0,0,0,,,
11415,1,Mumbai Indians,Chennai Super Kings,2,5,RG Sharma,Q de Kock,SN Thakur,0,0,0,0,0,0,6,0,6,,,
11415,1,Mumbai Indians,Chennai Super Kings,2,6,RG Sharma,Q de Kock,SN Thakur,0,0,0,0,0,0,0,0,0,,,
11415,1,Mumbai Indians,Chennai Super Kings,3,1,Q de Kock,RG Sharma,DL Chahar,0,0,0,0,0,0,6,0,6,,,
11415,1,Mumbai Indians,Chennai Super Kings,3,2,Q de Kock,RG Sharma,DL Chahar,0,1,0,0,0,0,1,1,2,,,
11415,1,Mumbai Indians,Chennai Super Kings,3,3,Q de Kock,RG Sharma,DL Chahar,0,0,0,0,0,0,0,0,0,,,
11415,1,Mumbai Indians,Chennai Super Kings,3,4,Q de Kock,RG Sharma,DL Chahar,0,0,0,0,0,0,6,0,6,,,
11415,1,Mumbai Indians,Chennai Super Kings,3,5,Q de Kock,RG Sharma,DL Chahar,0,0,0,0,0,0,0,0,0,,,
11415,1,Mumbai Indians,Chennai Super Kings,3,6,Q de Kock,RG Sharma,DL Chahar,0,0,0,0,0,0,6,0,6,,,
11415,1,Mumbai Indians,Chennai Super Kings,3,7,Q de Kock,RG Sharma,DL Chahar,0,0,0,0,0,0,1,0,1,,,
11415,1,Mumbai Indians,Chennai Super Kings,4,1,Q de Kock,RG Sharma,Harbhajan Singh,0,0,0,0,0,0,1,0,1,,,
11415,1,Mumbai Indians,Chennai Super Kings,4,2,RG Sharma,Q de Kock,Harbhajan Singh,0,0,0,0,0,0,1,0,1,,,
11415,1,Mumbai Indians,Chennai Super Kings,4,3,Q de Kock,RG Sharma,Harbhajan Singh,0,0,0,0,0,0,1,0,1,,,
11415,1,Mumbai Indians,Chennai Super Kings,4,4,RG Sharma,Q de Kock,Harbhajan Singh,0,0,0,0,0,0,0,0,0,,,
11415,1,Mumbai Indians,Chennai Super Kings,4,5,RG Sharma,Q de Kock,Harbhajan Singh,0,0,0,0,0,0,0,0,0,,,
11415,1,Mumbai Indians,Chennai Super Kings,4,6,RG Sharma,Q de Kock,Harbhajan Singh,0,0,0,0,0,0,4,0,4,,,
11415,1,Mumbai Indians,Chennai Super Kings,5,1,Q de Kock,RG Sharma,SN Thakur,0,0,0,0,0,0,1,0,1,,,
11415,1,Mumbai Indians,Chennai Super Kings,5,2,RG Sharma,Q de Kock,SN Thakur,0,0,0,0,0,0,1,0,1,,,
11415,1,Mumbai Indians,Chennai Super Kings,5,3,Q de Kock,RG Sharma,SN Thakur,0,0,0,0,0,0,0,0,0,,,
11415,1,Mumbai Indians,Chennai Super Kings,5,4,Q de Kock,RG Sharma,SN Thakur,0,0,0,0,0,0,6,0,6,,,
11415,1,Mumbai Indians,Chennai Super Kings,5,5,Q de Kock,RG Sharma,SN Thakur,0,0,0,0,0,0,0,0,0,Q de Kock,caught,MS Dhoni
11415,1,Mumbai Indians,Chennai Super Kings,5,6,AS Yadav,RG Sharma,SN Thakur,0,0,0,0,0,0,0,0,0,,,
11415,1,Mumbai Indians,Chennai Super Kings,5,6,AS Yadav,RG Sharma,SN Thakur,0,0,0,0,0,0,0,0,0,,,
11415,1,Mumbai Indians,Chennai Super Kings,6,1,RG Sharma,AS Yadav,DL Chahar,0,0,0,0,0,0,0,0,0,,,
11415,1,Mumbai Indians,Chennai Super Kings,6,2,RG Sharma,AS Yadav,DL Chahar,0,0,0,0,0,0,0,0,0,RG Sharma,caught,MS Dhoni
11415,1,Mumbai Indians,Chennai Super Kings,6,3,Ishan Kishan,AS Yadav,DL Chahar,0,0,0,0,0,0,0,0,0,,,
11415,1,Mumbai Indians,Chennai Super Kings,6,4,Ishan Kishan,AS Yadav,DL Chahar,0,0,0,0,0,0,0,0,0,,,
11415,1,Mumbai Indians,Chennai Super Kings,6,5,Ishan Kishan,AS Yadav,DL Chahar,0,0,0,0,0,0,0,0,0,,,
11415,1,Mumbai Indians,Chennai Super Kings,6,6,Ishan Kishan,AS Yadav,DL Chahar,0,0,0,0,0,0,0,0,0,,,
11415,1,Mumbai Indians,Chennai Super Kings,7,1,AS Yadav,Ishan Kishan,Harbhajan Singh,0,0,0,0,0,0,1,0,1,,,
11415,1,Mumbai Indians,Chennai Super Kings,7,2,Ishan Kishan,AS Yadav,Harbhajan Singh,0,0,0,0,0,0,1,0,1,,,
11415,1,Mumbai Indians,Chennai Super Kings,7,3,AS Yadav,Ishan Kishan,Harbhajan Singh,0,0,0,0,0,0,1,0,1,,,
11415,1,Mumbai Indians,Chennai Super Kings,7,4,Ishan Kishan,AS Yadav,Harbhajan Singh,0,0,0,0,0,0,1,0,1,,,
11415,1,Mumbai Indians,Chennai Super Kings,7,5,AS Yadav,Ishan Kishan,Harbhajan Singh,0,0,0,0,0,0,0,0,0,,,
11415,1,Mumbai Indians,Chennai Super Kings,7,6,AS Yadav,Ishan Kishan,Harbhajan Singh,0,0,0,0,0,0,1,0,1,,,
11415,1,Mumbai Indians,Chennai Super Kings,8,1,AS Yadav,Ishan Kishan,DJ Bravo,0,0,0,0,0,0,0,0,0,,,
11415,1,Mumbai Indians,Chennai Super Kings,8,2,AS Yadav,Ishan Kishan,DJ Bravo,0,0,0,0,0,0,1,0,1,,,
11415,1,Mumbai Indians,Chennai Super Kings,8,3,Ishan Kishan,AS Yadav,DJ Bravo,0,0,0,0,0,0,1,0,1,,,
11415,1,Mumbai Indians,Chennai Super Kings,8,4,AS Yadav,Ishan Kishan,DJ Bravo,0,0,0,0,0,0,1,0,1,,,
11415,1,Mumbai Indians,Chennai Super Kings,8,5,Ishan Kishan,AS Yadav,DJ Bravo,0,0,0,0,0,0,0,0,0,,,
11415,1,Mumbai Indians,Chennai Super Kings,8,6,Ishan Kishan,AS Yadav,DJ Bravo,0,0,0,0,0,0,0,0,0,,,
11415,1,Mumbai Indians,Chennai Super Kings,9,1,AS Yadav,Ishan Kishan,Harbhajan Singh,0,0,0,0,0,0,1,0,1,,,
11415,1,Mumbai Indians,Chennai Super Kings,9,2,Ishan Kishan,AS Yadav,Harbhajan Singh,0,1,0,0,0,0,1,1,2,,,
11415,1,Mumbai Indians,Chennai Super Kings,9,3,Ishan Kishan,AS Yadav,Harbhajan Singh,0,0,0,0,0,0,0,0,0,,,
11415,1,Mumbai Indians,Chennai Super Kings,9,4,Ishan Kishan,AS Yadav,Harbhajan Singh,0,0,0,0,0,0,1,0,1,,,
11415,1,Mumbai Indians,Chennai Super Kings,9,5,AS Yadav,Ishan Kishan,Harbhajan Singh,0,0,0,0,0,0,1,0,1,,,
11415,1,Mumbai Indians,Chennai Super Kings,9,6,Ishan Kishan,AS Yadav,Harbhajan Singh,0,0,0,0,0,0,0,0,0,,,
11415,1,Mumbai Indians,Chennai Super Kings,9,7,Ishan Kishan,AS Yadav,Harbhajan Singh,0,0,0,0,0,0,1,0,1,,,
11415,1,Mumbai Indians,Chennai Super Kings,10,1,Ishan Kishan,AS Yadav,DJ Bravo,0,0,0,0,0,0,4,0,4,,,
11415,1,Mumbai Indians,Chennai Super Kings,10,2,Ishan Kishan,AS Yadav,DJ Bravo,0,1,0,0,0,0,1,1,2,,,
11415,1,Mumbai Indians,Chennai Super Kings,10,3,Ishan Kishan,AS Yadav,DJ Bravo,0,0,0,0,0,0,1,0,1,,,
11415,1,Mumbai Indians,Chennai Super Kings,10,4,AS Yadav,Ishan Kishan,DJ Bravo,0,0,0,0,0,0,0,0,0,,,
11415,1,Mumbai Indians,Chennai Super Kings,10,5,AS Yadav,Ishan Kishan,DJ Bravo,0,0,0,0,0,0,1,0,1,,,
11415,1,Mumbai Indians,Chennai Super Kings,10,6,Ishan Kishan,AS Yadav,DJ Bravo,0,0,0,0,0,0,4,0,4,,,
11415,1,Mumbai Indians,Chennai Super Kings,10,7,Ishan Kishan,AS Yadav,DJ Bravo,0,0,0,0,0,0,1,0,1,,,
11415,1,Mumbai Indians,Chennai Super Kings,11,1,Ishan Kishan,AS Yadav,Harbhajan Singh,0,0,0,0,0,0,0,0,0,,,
11415,1,Mumbai Indians,Chennai Super Kings,11,2,Ishan Kishan,AS Yadav,Harbhajan Singh,0,0,0,0,0,0,1,0,1,,,
11415,1,Mumbai Indians,Chennai Super Kings,11,3,AS Yadav,Ishan Kishan,Harbhajan Singh,0,0,0,0,0,0,4,0,4,,,
11415,1,Mumbai Indians,Chennai Super Kings,11,4,AS Yadav,Ishan Kishan,Harbhajan Singh,0,0,0,0,0,0,0,0,0,,,
11415,1,Mumbai Indians,Chennai Super Kings,11,5,AS Yadav,Ishan Kishan,Harbhajan Singh,0,0,0,0,0,0,1,0,1,,,
11415,1,Mumbai Indians,Chennai Super Kings,11,6,Ishan Kishan,AS Yadav,Harbhajan Singh,0,0,0,0,0,0,4,0,4,,,
11415,1,Mumbai Indians,Chennai Super Kings,12,1,AS Yadav,Ishan Kishan,Imran Tahir,0,0,0,0,0,0,2,0,2,,,
11415,1,Mumbai Indians,Chennai Super Kings,12,2,AS Yadav,Ishan Kishan,Imran Tahir,0,0,0,0,0,0,0,0,0,AS Yadav,bowled,
11415,1,Mumbai Indians,Chennai Super Kings,12,3,KH Pandya,Ishan Kishan,Imran Tahir,0,0,0,0,0,0,0,0,0,,,
11415,1,Mumbai Indians,Chennai Super Kings,12,4,KH Pandya,Ishan Kishan,Imran Tahir,0,0,0,0,0,0,2,0,2,,,
11415,1,Mumbai Indians,Chennai Super Kings,12,5,KH Pandya,Ishan Kishan,Imran Tahir,0,0,0,0,0,0,0,0,0,,,
11415,1,Mumbai Indians,Chennai Super Kings,12,6,KH Pandya,Ishan Kishan,Imran Tahir,0,0,0,0,0,0,1,0,1,,,
11415,1,Mumbai Indians,Chennai Super Kings,13,1,KH Pandya,Ishan Kishan,SN Thakur,0,0,0,0,0,0,2,0,2,,,
11415,1,Mumbai Indians,Chennai Super Kings,13,2,KH Pandya,Ishan Kishan,SN Thakur,0,0,0,0,0,0,2,0,2,,,
11415,1,Mumbai Indians,Chennai Super Kings,13,3,KH Pandya,Ishan Kishan,SN Thakur,0,0,0,0,0,0,0,0,0,KH Pandya,caught,SN Thakur
11415,1,Mumbai Indians,Chennai Super Kings,13,4,Ishan Kishan,KA Pollard,SN Thakur,0,0,0,0,0,0,1,0,1,,,
11415,1,Mumbai Indians,Chennai Super Kings,13,5,KA Pollard,Ishan Kishan,SN Thakur,0,0,0,0,0,0,0,0,0,,,
11415,1,Mumbai Indians,Chennai Super Kings,13,6,KA Pollard,Ishan Kishan,SN Thakur,0,0,0,0,0,0,0,0,0,,,
11415,1,Mumbai Indians,Chennai Super Kings,14,1,Ishan Kishan,KA Pollard,RA Jadeja,0,0,0,0,0,0,0,0,0,,,
11415,1,Mumbai Indians,Chennai Super Kings,14,2,Ishan Kishan,KA Pollard,RA Jadeja,0,0,0,0,0,0,0,0,0,,,
11415,1,Mumbai Indians,Chennai Super Kings,14,3,Ishan Kishan,KA Pollard,RA Jadeja,0,0,0,0,0,0,1,0,1,,,
11415,1,Mumbai Indians,Chennai Super Kings,14,4,KA Pollard,Ishan Kishan,RA Jadeja,0,0,0,0,0,0,1,0,1,,,
11415,1,Mumbai Indians,Chennai Super Kings,14,5,Ishan Kishan,KA Pollard,RA Jadeja,0,0,0,0,0,0,1,0,1,,,
11415,1,Mumbai Indians,Chennai Super Kings,14,6,KA Pollard,Ishan Kishan,RA Jadeja,0,0,0,0,0,0,1,0,1,,,
11415,1,Mumbai Indians,Chennai Super Kings,15,1,KA Pollard,Ishan Kishan,Imran Tahir,0,0,0,0,0,0,6,0,6,,,
11415,1,Mumbai Indians,Chennai Super Kings,15,2,KA Pollard,Ishan Kishan,Imran Tahir,0,0,0,0,0,0,0,0,0,,,
11415,1,Mumbai Indians,Chennai Super Kings,15,3,KA Pollard,Ishan Kishan,Imran Tahir,0,0,0,0,0,0,1,0,1,,,
11415,1,Mumbai Indians,Chennai Super Kings,15,4,Ishan Kishan,KA Pollard,Imran Tahir,0,0,0,0,0,0,0,0,0,Ishan Kishan,caught,SK Raina
11415,1,Mumbai Indians,Chennai Super Kings,15,5,KA Pollard,HH Pandya,Imran Tahir,0,0,0,0,0,0,0,0,0,,,
11415,1,Mumbai Indians,Chennai Super Kings,15,6,KA Pollard,HH Pandya,Imran Tahir,0,0,0,0,0,0,1,0,1,,,
11415,1,Mumbai Indians,Chennai Super Kings,16,1,KA Pollard,HH Pandya,RA Jadeja,0,0,0,0,0,0,1,0,1,,,
11415,1,Mumbai Indians,Chennai Super Kings,16,2,HH Pandya,KA Pollard,RA Jadeja,0,0,0,0,0,0,0,0,0,,,
11415,1,Mumbai Indians,Chennai Super Kings,16,3,HH Pandya,KA Pollard,RA Jadeja,0,0,0,0,0,0,1,0,1,,,
11415,1,Mumbai Indians,Chennai Super Kings,16,4,KA Pollard,HH Pandya,RA Jadeja,0,0,0,0,0,0,4,0,4,,,
11415,1,Mumbai Indians,Chennai Super Kings,16,5,KA Pollard,HH Pandya,RA Jadeja,0,0,0,0,0,0,1,0,1,,,
11415,1,Mumbai Indians,Chennai Super Kings,16,6,HH Pandya,KA Pollard,RA Jadeja,0,0,0,0,0,0,1,0,1,,,
11415,1,Mumbai Indians,Chennai Super Kings,17,1,HH Pandya,KA Pollard,Imran Tahir,0,0,0,0,0,0,1,0,1,,,
11415,1,Mumbai Indians,Chennai Super Kings,17,2,KA Pollard,HH Pandya,Imran Tahir,0,0,0,0,0,0,1,0,1,,,
11415,1,Mumbai Indians,Chennai Super Kings,17,3,HH Pandya,KA Pollard,Imran Tahir,0,0,0,0,0,0,1,0,1,,,
11415,1,Mumbai Indians,Chennai Super Kings,17,4,KA Pollard,HH Pandya,Imran Tahir,0,0,0,0,0,0,0,0,0,,,
11415,1,Mumbai Indians,Chennai Super Kings,17,5,KA Pollard,HH Pandya,Imran Tahir,0,0,0,0,0,0,6,0,6,,,
11415,1,Mumbai Indians,Chennai Super Kings,17,6,KA Pollard,HH Pandya,Imran Tahir,0,0,0,0,0,0,1,0,1,,,
11415,1,Mumbai Indians,Chennai Super Kings,18,1,KA Pollard,HH Pandya,SN Thakur,0,0,0,0,0,0,1,0,1,,,
11415,1,Mumbai Indians,Chennai Super Kings,18,2,HH Pandya,KA Pollard,SN Thakur,0,0,0,0,0,0,1,0,1,,,
11415,1,Mumbai Indians,Chennai Super Kings,18,3,KA Pollard,HH Pandya,SN Thakur,0,0,0,0,0,0,6,0,6,,,
11415,1,Mumbai Indians,Chennai Super Kings,18,4,KA Pollard,HH Pandya,SN Thakur,0,0,0,0,0,0,1,0,1,,,
11415,1,Mumbai Indians,Chennai Super Kings,18,5,HH Pandya,KA Pollard,SN Thakur,0,0,0,0,0,0,6,0,6,,,
11415,1,Mumbai Indians,Chennai Super Kings,18,6,HH Pandya,KA Pollard,SN Thakur,0,0,0,0,0,0,1,0,1,,,
11415,1,Mumbai Indians,Chennai Super Kings,19,1,HH Pandya,KA Pollard,DL Chahar,0,0,0,0,0,0,4,0,4,,,
11415,1,Mumbai Indians,Chennai Super Kings,19,2,HH Pandya,KA Pollard,DL Chahar,0,0,0,0,0,0,0,0,0,HH Pandya,lbw,
11415,1,Mumbai Indians,Chennai Super Kings,19,3,RD Chahar,KA Pollard,DL Chahar,0,0,0,0,0,0,0,0,0,,,
11415,1,Mumbai Indians,Chennai Super Kings,19,4,RD Chahar,KA Pollard,DL Chahar,0,0,0,0,0,0,0,0,0,RD Chahar,caught,F du Plessis
11415,1,Mumbai Indians,Chennai Super Kings,19,5,MJ McClenaghan,KA Pollard,DL Chahar,0,0,0,0,0,0,0,0,0,,,
11415,1,Mumbai Indians,Chennai Super Kings,19,6,MJ McClenaghan,KA Pollard,DL Chahar,0,0,0,0,0,0,0,0,0,,,
11415,1,Mumbai Indians,Chennai Super Kings,20,1,KA Pollard,MJ McClenaghan,DJ Bravo,0,0,0,0,0,0,0,0,0,,,
11415,1,Mumbai Indians,Chennai Super Kings,20,2,KA Pollard,MJ McClenaghan,DJ Bravo,0,0,0,0,0,0,0,0,0,,,
11415,1,Mumbai Indians,Chennai Super Kings,20,3,KA Pollard,MJ McClenaghan,DJ Bravo,0,0,0,0,0,0,0,0,0,,,
11415,1,Mumbai Indians,Chennai Super Kings,20,4,KA Pollard,MJ McClenaghan,DJ Bravo,0,0,0,0,0,0,1,0,1,MJ McClenaghan,run out,F du Plessis
11415,1,Mumbai Indians,Chennai Super Kings,20,5,KA Pollard,JJ Bumrah,DJ Bravo,0,0,0,0,0,0,4,0,4,,,
11415,1,Mumbai Indians,Chennai Super Kings,20,6,KA Pollard,JJ Bumrah,DJ Bravo,0,0,0,0,0,0,4,0,4,,,
11415,2,Chennai Super Kings,Mumbai Indians,1,1,F du Plessis,SR Watson,MJ McClenaghan,0,0,0,0,0,0,0,0,0,,,
11415,2,Chennai Super Kings,Mumbai Indians,1,2,F du Plessis,SR Watson,MJ McClenaghan,0,0,0,0,0,0,0,0,0,,,
11415,2,Chennai Super Kings,Mumbai Indians,1,3,F du Plessis,SR Watson,MJ McClenaghan,0,0,0,0,0,0,4,0,4,,,
11415,2,Chennai Super Kings,Mumbai Indians,1,4,F du Plessis,SR Watson,MJ McClenaghan,0,0,0,0,0,0,1,0,1,,,
11415,2,Chennai Super Kings,Mumbai Indians,1,5,SR Watson,F du Plessis,MJ McClenaghan,0,0,0,0,0,0,0,0,0,,,
11415,2,Chennai Super Kings,Mumbai Indians,1,6,SR Watson,F du Plessis,MJ McClenaghan,0,0,0,0,0,0,2,0,2,,,
11415,2,Chennai Super Kings,Mumbai Indians,2,1,F du Plessis,SR Watson,KH Pandya,0,0,0,0,0,0,1,0,1,,,
11415,2,Chennai Super Kings,Mumbai Indians,2,2,SR Watson,F du Plessis,KH Pandya,0,0,0,0,0,0,0,0,0,,,
11415,2,Chennai Super Kings,Mumbai Indians,2,3,SR Watson,F du Plessis,KH Pandya,0,0,0,0,0,0,0,0,0,,,
11415,2,Chennai Super Kings,Mumbai Indians,2,4,SR Watson,F du Plessis,KH Pandya,0,0,0,0,0,0,4,0,4,,,
11415,2,Chennai Super Kings,Mumbai Indians,2,5,SR Watson,F du Plessis,KH Pandya,0,0,0,0,0,0,0,0,0,,,
11415,2,Chennai Super Kings,Mumbai Indians,2,6,SR Watson,F du Plessis,KH Pandya,0,0,0,0,0,0,0,0,0,,,
11415,2,Chennai Super Kings,Mumbai Indians,3,1,F du Plessis,SR Watson,SL Malinga,0,0,0,0,0,0,1,0,1,,,
11415,2,Chennai Super Kings,Mumbai Indians,3,2,SR Watson,F du Plessis,SL Malinga,0,0,0,0,0,0,0,0,0,,,
11415,2,Chennai Super Kings,Mumbai Indians,3,3,SR Watson,F du Plessis,SL Malinga,0,0,0,0,0,0,0,0,0,,,
11415,2,Chennai Super Kings,Mumbai Indians,3,4,SR Watson,F du Plessis,SL Malinga,0,0,0,0,0,0,0,0,0,,,
11415,2,Chennai Super Kings,Mumbai Indians,3,5,SR Watson,F du Plessis,SL Malinga,0,0,0,0,0,0,1,0,1,,,
11415,2,Chennai Super Kings,Mumbai Indians,3,6,F du Plessis,SR Watson,SL Malinga,0,0,0,0,0,0,5,0,5,,,
11415,2,Chennai Super Kings,Mumbai Indians,4,1,F du Plessis,SR Watson,KH Pandya,0,0,0,0,0,0,0,0,0,,,
11415,2,Chennai Super Kings,Mumbai Indians,4,2,F du Plessis,SR Watson,KH Pandya,0,0,0,0,0,0,4,0,4,,,
11415,2,Chennai Super Kings,Mumbai Indians,4,3,F du Plessis,SR Watson,KH Pandya,0,0,0,0,0,0,6,0,6,,,
11415,2,Chennai Super Kings,Mumbai Indians,4,4,F du Plessis,SR Watson,KH Pandya,0,0,0,0,0,0,4,0,4,,,
11415,2,Chennai Super Kings,Mumbai Indians,4,5,F du Plessis,SR Watson,KH Pandya,0,0,0,0,0,0,0,0,0,,,
11415,2,Chennai Super Kings,Mumbai Indians,4,6,F du Plessis,SR Watson,KH Pandya,0,0,0,0,0,0,0,0,0,F du Plessis,stumped,Q de Kock
11415,2,Chennai Super Kings,Mumbai Indians,5,1,SR Watson,SK Raina,JJ Bumrah,0,0,0,0,0,0,1,0,1,,,
11415,2,Chennai Super Kings,Mumbai Indians,5,2,SK Raina,SR Watson,JJ Bumrah,0,0,0,0,0,0,0,0,0,,,
11415,2,Chennai Super Kings,Mumbai Indians,5,3,SK Raina,SR Watson,JJ Bumrah,0,0,0,0,0,0,1,0,1,,,
11415,2,Chennai Super Kings,Mumbai Indians,5,4,SR Watson,SK Raina,JJ Bumrah,0,0,0,0,0,0,1,0,1,,,
11415,2,Chennai Super Kings,Mumbai Indians,5,5,SK Raina,SR Watson,JJ Bumrah,0,0,0,0,0,0,2,0,2,,,
11415,2,Chennai Super Kings,Mumbai Indians,5,6,SK Raina,SR Watson,JJ Bumrah,0,0,0,0,0,0,0,0,0,,,
11415,2,Chennai Super Kings,Mumbai Indians,6,1,SR Watson,SK Raina,SL Malinga,0,0,0,0,0,0,0,0,0,,,
11415,2,Chennai Super Kings,Mumbai Indians,6,2,SR Watson,SK Raina,SL Malinga,0,0,0,0,0,0,4,0,4,,,
11415,2,Chennai Super Kings,Mumbai Indians,6,3,SR Watson,SK Raina,SL Malinga,0,0,0,0,0,0,0,0,0,,,
11415,2,Chennai Super Kings,Mumbai Indians,6,4,SR Watson,SK Raina,SL Malinga,0,0,0,0,0,0,6,0,6,,,
11415,2,Chennai Super Kings,Mumbai Indians,6,5,SR Watson,SK Raina,SL Malinga,0,1,0,0,0,0,1,1,2,,,
11415,2,Chennai Super Kings,Mumbai Indians,6,6,SR Watson,SK Raina,SL Malinga,0,0,0,0,0,0,4,0,4,,,
11415,2,Chennai Super Kings,Mumbai Indians,6,7,SR Watson,SK Raina,SL Malinga,0,0,0,0,0,0,0,0,0,,,
11415,2,Chennai Super Kings,Mumbai Indians,7,1,SK Raina,SR Watson,MJ McClenaghan,0,0,0,0,0,0,1,0,1,,,
11415,2,Chennai Super Kings,Mumbai Indians,7,2,SR Watson,SK Raina,MJ McClenaghan,0,0,0,0,0,0,1,0,1,,,
11415,2,Chennai Super Kings,Mumbai Indians,7,3,SK Raina,SR Watson,MJ McClenaghan,0,1,0,0,0,0,1,1,2,,,
11415,2,Chennai Super Kings,Mumbai Indians,7,4,SK Raina,SR Watson,MJ McClenaghan,0,0,0,0,0,0,0,0,0,,,
11415,2,Chennai Super Kings,Mumbai Indians,7,5,SK Raina,SR Watson,MJ McClenaghan,0,0,0,0,0,0,1,0,1,,,
11415,2,Chennai Super Kings,Mumbai Indians,7,6,SR Watson,SK Raina,MJ McClenaghan,0,0,0,0,0,0,0,0,0,,,
11415,2,Chennai Super Kings,Mumbai Indians,7,7,SR Watson,SK Raina,MJ McClenaghan,0,0,0,0,0,0,0,0,0,,,
11415,2,Chennai Super Kings,Mumbai Indians,8,1,SK Raina,SR Watson,RD Chahar,0,0,0,0,0,0,1,0,1,,,
11415,2,Chennai Super Kings,Mumbai Indians,8,2,SR Watson,SK Raina,RD Chahar,0,0,0,0,0,0,0,0,0,,,
11415,2,Chennai Super Kings,Mumbai Indians,8,3,SR Watson,SK Raina,RD Chahar,0,0,0,0,0,0,1,0,1,,,
11415,2,Chennai Super Kings,Mumbai Indians,8,4,SK Raina,SR Watson,RD Chahar,0,0,0,0,0,0,0,0,0,,,
11415,2,Chennai Super Kings,Mumbai Indians,8,5,SK Raina,SR Watson,RD Chahar,0,0,0,0,0,0,0,0,0,,,
11415,2,Chennai Super Kings,Mumbai Indians,8,6,SK Raina,SR Watson,RD Chahar,0,0,0,0,0,0,1,0,1,,,
11415,2,Chennai Super Kings,Mumbai Indians,9,1,SK Raina,SR Watson,MJ McClenaghan,0,0,0,0,0,0,1,0,1,,,
11415,2,Chennai Super Kings,Mumbai Indians,9,2,SR Watson,SK Raina,MJ McClenaghan,0,0,0,0,0,0,4,0,4,,,
11415,2,Chennai Super Kings,Mumbai Indians,9,3,SR Watson,SK Raina,MJ McClenaghan,0,1,0,0,0,0,1,1,2,,,
11415,2,Chennai Super Kings,Mumbai Indians,9,4,SR Watson,SK Raina,MJ McClenaghan,0,0,0,0,0,0,2,0,2,,,
11415,2,Chennai Super Kings,Mumbai Indians,9,5,SR Watson,SK Raina,MJ McClenaghan,0,0,0,0,0,0,2,0,2,,,
11415,2,Chennai Super Kings,Mumbai Indians,9,6,SR Watson,SK Raina,MJ McClenaghan,0,0,0,0,0,0,0,0,0,,,
11415,2,Chennai Super Kings,Mumbai Indians,9,7,SR Watson,SK Raina,MJ McClenaghan,0,0,0,0,0,0,0,0,0,,,
11415,2,Chennai Super Kings,Mumbai Indians,10,1,SK Raina,SR Watson,RD Chahar,0,0,0,0,0,0,0,0,0,,,
11415,2,Chennai Super Kings,Mumbai Indians,10,2,SK Raina,SR Watson,RD Chahar,0,0,0,0,0,0,0,0,0,SK Raina,lbw,
11415,2,Chennai Super Kings,Mumbai Indians,10,3,AT Rayudu,SR Watson,RD Chahar,0,0,0,0,0,0,1,0,1,,,
11415,2,Chennai Super Kings,Mumbai Indians,10,4,SR Watson,AT Rayudu,RD Chahar,0,0,0,0,0,0,1,0,1,,,
11415,2,Chennai Super Kings,Mumbai Indians,10,5,AT Rayudu,SR Watson,RD Chahar,0,0,0,0,0,0,0,0,0,,,
11415,2,Chennai Super Kings,Mumbai Indians,10,6,AT Rayudu,SR Watson,RD Chahar,0,0,0,0,0,0,0,0,0,,,
11415,2,Chennai Super Kings,Mumbai Indians,11,1,SR Watson,AT Rayudu,JJ Bumrah,0,0,0,0,0,0,0,0,0,,,
11415,2,Chennai Super Kings,Mumbai Indians,11,2,SR Watson,AT Rayudu,JJ Bumrah,0,0,0,0,0,0,1,0,1,,,
11415,2,Chennai Super Kings,Mumbai Indians,11,3,AT Rayudu,SR Watson,JJ Bumrah,0,0,0,0,0,0,0,0,0,AT Rayudu,caught,Q de Kock
11415,2,Chennai Super Kings,Mumbai Indians,11,4,MS Dhoni,SR Watson,JJ Bumrah,0,0,0,0,0,0,0,0,0,,,
11415,2,Chennai Super Kings,Mumbai Indians,11,5,MS Dhoni,SR Watson,JJ Bumrah,0,0,0,0,0,0,0,0,0,,,
11415,2,Chennai Super Kings,Mumbai Indians,11,6,MS Dhoni,SR Watson,JJ Bumrah,0,0,0,0,0,0,0,0,0,,,
11415,2,Chennai Super Kings,Mumbai Indians,12,1,SR Watson,MS Dhoni,RD Chahar,0,0,0,0,0,0,1,0,1,,,
11415,2,Chennai Super Kings,Mumbai Indians,12,2,MS Dhoni,SR Watson,RD Chahar,0,0,0,0,0,0,0,0,0,,,
11415,2,Chennai Super Kings,Mumbai Indians,12,3,MS Dhoni,SR Watson,RD Chahar,0,0,0,0,0,0,0,0,0,,,
11415,2,Chennai Super Kings,Mumbai Indians,12,4,MS Dhoni,SR Watson,RD Chahar,0,0,0,0,0,0,0,0,0,,,
11415,2,Chennai Super Kings,Mumbai Indians,12,5,MS Dhoni,SR Watson,RD Chahar,0,0,0,0,0,0,1,0,1,,,
11415,2,Chennai Super Kings,Mumbai Indians,12,6,SR Watson,MS Dhoni,RD Chahar,0,0,0,0,0,0,4,0,4,,,
11415,2,Chennai Super Kings,Mumbai Indians,13,1,MS Dhoni,SR Watson,HH Pandya,0,0,0,0,0,0,1,0,1,,,
11415,2,Chennai Super Kings,Mumbai Indians,13,2,SR Watson,MS Dhoni,HH Pandya,0,0,0,0,0,0,0,0,0,,,
11415,2,Chennai Super Kings,Mumbai Indians,13,3,SR Watson,MS Dhoni,HH Pandya,0,1,0,0,0,0,1,1,2,,,
11415,2,Chennai Super Kings,Mumbai Indians,13,4,SR Watson,MS Dhoni,HH Pandya,0,0,0,0,0,0,0,0,0,,,
11415,2,Chennai Super Kings,Mumbai Indians,13,5,SR Watson,MS Dhoni,HH Pandya,0,0,0,0,0,0,1,0,1,MS Dhoni,run out,Ishan Kishan
11415,2,Chennai Super Kings,Mumbai Indians,13,6,SR Watson,DJ Bravo,HH Pandya,0,0,0,0,0,0,0,0,0,,,
11415,2,Chennai Super Kings,Mumbai Indians,13,7,SR Watson,DJ Bravo,HH Pandya,0,0,0,0,0,0,0,0,0,,,
11415,2,Chennai Super Kings,Mumbai Indians,14,1,DJ Bravo,SR Watson,RD Chahar,0,0,0,0,0,0,0,0,0,,,
11415,2,Chennai Super Kings,Mumbai Indians,14,2,DJ Bravo,SR Watson,RD Chahar,0,0,0,0,0,0,1,0,1,,,
11415,2,Chennai Super Kings,Mumbai Indians,14,3,SR Watson,DJ Bravo,RD Chahar,0,0,0,0,0,0,1,0,1,,,
11415,2,Chennai Super Kings,Mumbai Indians,14,4,DJ Bravo,SR Watson,RD Chahar,0,0,0,0,0,0,1,0,1,,,
11415,2,Chennai Super Kings,Mumbai Indians,14,5,SR Watson,DJ Bravo,RD Chahar,0,0,0,0,0,0,0,0,0,,,
11415,2,Chennai Super Kings,Mumbai Indians,14,6,SR Watson,DJ Bravo,RD Chahar,0,0,0,0,0,0,0,0,0,,,
11415,2,Chennai Super Kings,Mumbai Indians,15,1,DJ Bravo,SR Watson,MJ McClenaghan,0,0,0,0,0,0,0,0,0,,,
11415,2,Chennai Super Kings,Mumbai Indians,15,2,DJ Bravo,SR Watson,MJ McClenaghan,0,0,0,0,0,0,0,0,0,,,
11415,2,Chennai Super Kings,Mumbai Indians,15,3,DJ Bravo,SR Watson,MJ McClenaghan,0,0,0,0,0,0,0,0,0,,,
11415,2,Chennai Super Kings,Mumbai Indians,15,4,DJ Bravo,SR Watson,MJ McClenaghan,0,0,0,0,0,0,2,0,2,,,
11415,2,Chennai Super Kings,Mumbai Indians,15,5,DJ Bravo,SR Watson,MJ McClenaghan,0,0,0,0,0,0,0,0,0,,,
11415,2,Chennai Super Kings,Mumbai Indians,15,6,DJ Bravo,SR Watson,MJ McClenaghan,0,0,0,0,0,0,1,0,1,,,
11415,2,Chennai Super Kings,Mumbai Indians,16,1,DJ Bravo,SR Watson,SL Malinga,0,0,0,0,0,0,6,0,6,,,
11415,2,Chennai Super Kings,Mumbai Indians,16,2,DJ Bravo,SR Watson,SL Malinga,0,0,0,0,0,0,1,0,1,,,
11415,2,Chennai Super Kings,Mumbai Indians,16,3,SR Watson,DJ Bravo,SL Malinga,0,0,0,0,0,0,4,0,4,,,
11415,2,Chennai Super Kings,Mumbai Indians,16,4,SR Watson,DJ Bravo,SL Malinga,0,0,0,0,0,0,4,0,4,,,
11415,2,Chennai Super Kings,Mumbai Indians,16,5,SR Watson,DJ Bravo,SL Malinga,0,0,0,0,0,0,4,0,4,,,
11415,2,Chennai Super Kings,Mumbai Indians,16,6,SR Watson,DJ Bravo,SL Malinga,0,0,0,0,0,0,1,0,1,,,
11415,2,Chennai Super Kings,Mumbai Indians,17,1,SR Watson,DJ Bravo,JJ Bumrah,0,0,0,0,0,0,1,0,1,,,
11415,2,Chennai Super Kings,Mumbai Indians,17,2,DJ Bravo,SR Watson,JJ Bumrah,0,0,0,0,0,0,1,0,1,,,
11415,2,Chennai Super Kings,Mumbai Indians,17,3,SR Watson,DJ Bravo,JJ Bumrah,0,0,0,0,0,0,0,0,0,,,
11415,2,Chennai Super Kings,Mumbai Indians,17,4,SR Watson,DJ Bravo,JJ Bumrah,0,0,0,0,0,0,0,0,0,,,
11415,2,Chennai Super Kings,Mumbai Indians,17,5,SR Watson,DJ Bravo,JJ Bumrah,0,0,1,0,0,0,1,1,2,,,
11415,2,Chennai Super Kings,Mumbai Indians,17,6,DJ Bravo,SR Watson,JJ Bumrah,0,0,0,0,0,0,1,0,1,,,
11415,2,Chennai Super Kings,Mumbai Indians,18,1,DJ Bravo,SR Watson,KH Pandya,0,0,0,0,0,0,1,0,1,,,
11415,2,Chennai Super Kings,Mumbai Indians,18,2,SR Watson,DJ Bravo,KH Pandya,0,0,0,0,0,0,6,0,6,,,
11415,2,Chennai Super Kings,Mumbai Indians,18,3,SR Watson,DJ Bravo,KH Pandya,0,0,0,0,0,0,6,0,6,,,
11415,2,Chennai Super Kings,Mumbai Indians,18,4,SR Watson,DJ Bravo,KH Pandya,0,0,0,0,0,0,6,0,6,,,
11415,2,Chennai Super Kings,Mumbai Indians,18,5,SR Watson,DJ Bravo,KH Pandya,0,0,0,0,0,0,0,0,0,,,
11415,2,Chennai Super Kings,Mumbai Indians,18,6,SR Watson,DJ Bravo,KH Pandya,0,0,0,0,0,0,1,0,1,,,
11415,2,Chennai Super Kings,Mumbai Indians,19,1,SR Watson,DJ Bravo,JJ Bumrah,0,0,0,0,0,0,1,0,1,,,
11415,2,Chennai Super Kings,Mumbai Indians,19,2,DJ Bravo,SR Watson,JJ Bumrah,0,0,0,0,0,0,0,0,0,DJ Bravo,caught,Q de Kock
11415,2,Chennai Super Kings,Mumbai Indians,19,3,RA Jadeja,SR Watson,JJ Bumrah,0,0,0,0,0,0,2,0,2,,,
11415,2,Chennai Super Kings,Mumbai Indians,19,4,RA Jadeja,SR Watson,JJ Bumrah,0,0,0,0,0,0,0,0,0,,,
11415,2,Chennai Super Kings,Mumbai Indians,19,5,RA Jadeja,SR Watson,JJ Bumrah,0,0,0,0,0,0,2,0,2,,,
11415,2,Chennai Super Kings,Mumbai Indians,19,6,RA Jadeja,SR Watson,JJ Bumrah,0,0,4,0,0,0,4,4,8,,,
11415,2,Chennai Super Kings,Mumbai Indians,20,1,SR Watson,RA Jadeja,SL Malinga,0,0,0,0,0,0,1,0,1,,,
11415,2,Chennai Super Kings,Mumbai Indians,20,2,RA Jadeja,SR Watson,SL Malinga,0,0,0,0,0,0,1,0,1,,,
11415,2,Chennai Super Kings,Mumbai Indians,20,3,SR Watson,RA Jadeja,SL Malinga,0,0,0,0,0,0,2,0,2,,,
11415,2,Chennai Super Kings,Mumbai Indians,20,4,SR Watson,RA Jadeja,SL Malinga,0,0,0,0,0,0,1,0,1,SR Watson,run out,KH Pandya
11415,2,Chennai Super Kings,Mumbai Indians,20,5,SN Thakur,RA Jadeja,SL Malinga,0,0,0,0,0,0,2,0,2,,,
11415,2,Chennai Super Kings,Mumbai Indians,20,6,SN Thakur,RA Jadeja,SL Malinga,0,0,0,0,0,0,0,0,0,SN Thakur,lbw,
